--
-- PostgreSQL database dump
--

-- Dumped from database version 13.0
-- Dumped by pg_dump version 14.9 (Ubuntu 14.9-0ubuntu0.22.04.1)

-- Started on 2023-09-19 19:53:04 CEST

SET statement_timeout = 0;
SET lock_timeout = 0;
SET idle_in_transaction_session_timeout = 0;
SET client_encoding = 'UTF8';
SET standard_conforming_strings = on;
SELECT pg_catalog.set_config('search_path', '', false);
SET check_function_bodies = false;
SET xmloption = content;
SET client_min_messages = warning;
SET row_security = off;

--
-- TOC entry 3 (class 2615 OID 2200)
-- Name: public; Type: SCHEMA; Schema: -; Owner: -
--



SET default_tablespace = '';

SET default_table_access_method = heap;

--
-- TOC entry 220 (class 1259 OID 24579)
-- Name: asset_absence_codes; Type: TABLE; Schema: public; Owner: -
--

CREATE TABLE public.asset_absence_codes (
    id_asset_absence_code integer NOT NULL,
    asset_absence_code character varying NOT NULL,
    asset_absence_code_abbreviation character varying NOT NULL
);


--
-- TOC entry 219 (class 1259 OID 24577)
-- Name: asset_absence_codes_id_asset_absence_code_seq; Type: SEQUENCE; Schema: public; Owner: -
--

ALTER TABLE public.asset_absence_codes ALTER COLUMN id_asset_absence_code ADD GENERATED BY DEFAULT AS IDENTITY (
    SEQUENCE NAME public.asset_absence_codes_id_asset_absence_code_seq
    START WITH 1
    INCREMENT BY 1
    NO MINVALUE
    NO MAXVALUE
    CACHE 1
);


--
-- TOC entry 264 (class 1259 OID 24841)
-- Name: asset_absences; Type: TABLE; Schema: public; Owner: -
--

CREATE TABLE public.asset_absences (
    id_asset_absence integer NOT NULL,
    asset_absence_from timestamp with time zone NOT NULL,
    asset_absence_to timestamp with time zone NOT NULL,
    fk_asset integer NOT NULL,
    fk_asset_absence_code integer NOT NULL
);


--
-- TOC entry 263 (class 1259 OID 24839)
-- Name: asset_absences_id_asset_absence_seq; Type: SEQUENCE; Schema: public; Owner: -
--

ALTER TABLE public.asset_absences ALTER COLUMN id_asset_absence ADD GENERATED BY DEFAULT AS IDENTITY (
    SEQUENCE NAME public.asset_absences_id_asset_absence_seq
    START WITH 1
    INCREMENT BY 1
    NO MINVALUE
    NO MAXVALUE
    CACHE 1
);


--
-- TOC entry 224 (class 1259 OID 24599)
-- Name: asset_types; Type: TABLE; Schema: public; Owner: -
--

CREATE TABLE public.asset_types (
    id_asset_type integer NOT NULL,
    asset_type character varying NOT NULL
);


--
-- TOC entry 223 (class 1259 OID 24597)
-- Name: asset_types_id_asset_type_seq; Type: SEQUENCE; Schema: public; Owner: -
--

ALTER TABLE public.asset_types ALTER COLUMN id_asset_type ADD GENERATED BY DEFAULT AS IDENTITY (
    SEQUENCE NAME public.asset_types_id_asset_type_seq
    START WITH 1
    INCREMENT BY 1
    NO MINVALUE
    NO MAXVALUE
    CACHE 1
);


--
-- TOC entry 222 (class 1259 OID 24589)
-- Name: assets; Type: TABLE; Schema: public; Owner: -
--

CREATE TABLE public.assets (
    id_asset integer NOT NULL,
    asset_description character varying NOT NULL,
    asset_internal_alias character varying NOT NULL,
    year_of_production integer,
    fk_asset_type integer NOT NULL,
    fk_sys_rec_status integer NOT NULL
);


--
-- TOC entry 221 (class 1259 OID 24587)
-- Name: assets_id_asset_seq; Type: SEQUENCE; Schema: public; Owner: -
--

ALTER TABLE public.assets ALTER COLUMN id_asset ADD GENERATED BY DEFAULT AS IDENTITY (
    SEQUENCE NAME public.assets_id_asset_seq
    START WITH 1
    INCREMENT BY 1
    NO MINVALUE
    NO MAXVALUE
    CACHE 1
);


--
-- TOC entry 207 (class 1259 OID 16413)
-- Name: auth_group; Type: TABLE; Schema: public; Owner: -
--

CREATE TABLE public.auth_group (
    id integer NOT NULL,
    name character varying(150) NOT NULL
);


--
-- TOC entry 206 (class 1259 OID 16411)
-- Name: auth_group_id_seq; Type: SEQUENCE; Schema: public; Owner: -
--

ALTER TABLE public.auth_group ALTER COLUMN id ADD GENERATED BY DEFAULT AS IDENTITY (
    SEQUENCE NAME public.auth_group_id_seq
    START WITH 1
    INCREMENT BY 1
    NO MINVALUE
    NO MAXVALUE
    CACHE 1
);


--
-- TOC entry 209 (class 1259 OID 16422)
-- Name: auth_group_permissions; Type: TABLE; Schema: public; Owner: -
--

CREATE TABLE public.auth_group_permissions (
    id bigint NOT NULL,
    group_id integer NOT NULL,
    permission_id integer NOT NULL
);


--
-- TOC entry 208 (class 1259 OID 16420)
-- Name: auth_group_permissions_id_seq; Type: SEQUENCE; Schema: public; Owner: -
--

ALTER TABLE public.auth_group_permissions ALTER COLUMN id ADD GENERATED BY DEFAULT AS IDENTITY (
    SEQUENCE NAME public.auth_group_permissions_id_seq
    START WITH 1
    INCREMENT BY 1
    NO MINVALUE
    NO MAXVALUE
    CACHE 1
);


--
-- TOC entry 205 (class 1259 OID 16406)
-- Name: auth_permission; Type: TABLE; Schema: public; Owner: -
--

CREATE TABLE public.auth_permission (
    id integer NOT NULL,
    name character varying(255) NOT NULL,
    content_type_id integer NOT NULL,
    codename character varying(100) NOT NULL
);


--
-- TOC entry 204 (class 1259 OID 16404)
-- Name: auth_permission_id_seq; Type: SEQUENCE; Schema: public; Owner: -
--

ALTER TABLE public.auth_permission ALTER COLUMN id ADD GENERATED BY DEFAULT AS IDENTITY (
    SEQUENCE NAME public.auth_permission_id_seq
    START WITH 1
    INCREMENT BY 1
    NO MINVALUE
    NO MAXVALUE
    CACHE 1
);


--
-- TOC entry 211 (class 1259 OID 16429)
-- Name: auth_user; Type: TABLE; Schema: public; Owner: -
--

CREATE TABLE public.auth_user (
    id integer NOT NULL,
    password character varying(128) NOT NULL,
    last_login timestamp with time zone,
    is_superuser boolean NOT NULL,
    username character varying(150) NOT NULL,
    first_name character varying(150) NOT NULL,
    last_name character varying(150) NOT NULL,
    email character varying(254) NOT NULL,
    is_staff boolean NOT NULL,
    is_active boolean NOT NULL,
    date_joined timestamp with time zone NOT NULL
);


--
-- TOC entry 213 (class 1259 OID 16438)
-- Name: auth_user_groups; Type: TABLE; Schema: public; Owner: -
--

CREATE TABLE public.auth_user_groups (
    id bigint NOT NULL,
    user_id integer NOT NULL,
    group_id integer NOT NULL
);


--
-- TOC entry 212 (class 1259 OID 16436)
-- Name: auth_user_groups_id_seq; Type: SEQUENCE; Schema: public; Owner: -
--

ALTER TABLE public.auth_user_groups ALTER COLUMN id ADD GENERATED BY DEFAULT AS IDENTITY (
    SEQUENCE NAME public.auth_user_groups_id_seq
    START WITH 1
    INCREMENT BY 1
    NO MINVALUE
    NO MAXVALUE
    CACHE 1
);


--
-- TOC entry 210 (class 1259 OID 16427)
-- Name: auth_user_id_seq; Type: SEQUENCE; Schema: public; Owner: -
--

ALTER TABLE public.auth_user ALTER COLUMN id ADD GENERATED BY DEFAULT AS IDENTITY (
    SEQUENCE NAME public.auth_user_id_seq
    START WITH 1
    INCREMENT BY 1
    NO MINVALUE
    NO MAXVALUE
    CACHE 1
);


--
-- TOC entry 215 (class 1259 OID 16445)
-- Name: auth_user_user_permissions; Type: TABLE; Schema: public; Owner: -
--

CREATE TABLE public.auth_user_user_permissions (
    id bigint NOT NULL,
    user_id integer NOT NULL,
    permission_id integer NOT NULL
);


--
-- TOC entry 214 (class 1259 OID 16443)
-- Name: auth_user_user_permissions_id_seq; Type: SEQUENCE; Schema: public; Owner: -
--

ALTER TABLE public.auth_user_user_permissions ALTER COLUMN id ADD GENERATED BY DEFAULT AS IDENTITY (
    SEQUENCE NAME public.auth_user_user_permissions_id_seq
    START WITH 1
    INCREMENT BY 1
    NO MINVALUE
    NO MAXVALUE
    CACHE 1
);


--
-- TOC entry 226 (class 1259 OID 24609)
-- Name: companies; Type: TABLE; Schema: public; Owner: -
--

CREATE TABLE public.companies (
    id_company integer NOT NULL,
    company_name character varying NOT NULL,
    company_street character varying NOT NULL,
    company_zipcode character varying NOT NULL,
    fk_country integer NOT NULL,
    company_city character varying NOT NULL,
    company_internal_alias character varying NOT NULL,
    company_email character varying,
    is_customer boolean,
    is_supplier boolean,
    is_subcontractor boolean,
    fk_sys_rec_status integer NOT NULL
);


--
-- TOC entry 225 (class 1259 OID 24607)
-- Name: companies_id_company_seq; Type: SEQUENCE; Schema: public; Owner: -
--

ALTER TABLE public.companies ALTER COLUMN id_company ADD GENERATED BY DEFAULT AS IDENTITY (
    SEQUENCE NAME public.companies_id_company_seq
    START WITH 1
    INCREMENT BY 1
    NO MINVALUE
    NO MAXVALUE
    CACHE 1
);


--
-- TOC entry 266 (class 1259 OID 32771)
-- Name: countries; Type: TABLE; Schema: public; Owner: -
--

CREATE TABLE public.countries (
    id_country integer NOT NULL,
    country character varying NOT NULL,
    country_code character varying(3) NOT NULL
);


--
-- TOC entry 265 (class 1259 OID 32769)
-- Name: countries_id_country_seq; Type: SEQUENCE; Schema: public; Owner: -
--

CREATE SEQUENCE public.countries_id_country_seq
    AS integer
    START WITH 1
    INCREMENT BY 1
    NO MINVALUE
    NO MAXVALUE
    CACHE 1;


--
-- TOC entry 3463 (class 0 OID 0)
-- Dependencies: 265
-- Name: countries_id_country_seq; Type: SEQUENCE OWNED BY; Schema: public; Owner: -
--

ALTER SEQUENCE public.countries_id_country_seq OWNED BY public.countries.id_country;


--
-- TOC entry 228 (class 1259 OID 24621)
-- Name: currencies; Type: TABLE; Schema: public; Owner: -
--

CREATE TABLE public.currencies (
    id_currency integer NOT NULL,
    currency character varying NOT NULL,
    currency_abbreviation character varying NOT NULL,
    currency_account_nr character varying NOT NULL
);


--
-- TOC entry 227 (class 1259 OID 24619)
-- Name: currencies_id_currency_seq; Type: SEQUENCE; Schema: public; Owner: -
--

ALTER TABLE public.currencies ALTER COLUMN id_currency ADD GENERATED BY DEFAULT AS IDENTITY (
    SEQUENCE NAME public.currencies_id_currency_seq
    START WITH 1
    INCREMENT BY 1
    NO MINVALUE
    NO MAXVALUE
    CACHE 1
);


--
-- TOC entry 217 (class 1259 OID 16504)
-- Name: django_admin_log; Type: TABLE; Schema: public; Owner: -
--

CREATE TABLE public.django_admin_log (
    id integer NOT NULL,
    action_time timestamp with time zone NOT NULL,
    object_id text,
    object_repr character varying(200) NOT NULL,
    action_flag smallint NOT NULL,
    change_message text NOT NULL,
    content_type_id integer,
    user_id integer NOT NULL,
    CONSTRAINT django_admin_log_action_flag_check CHECK ((action_flag >= 0))
);


--
-- TOC entry 216 (class 1259 OID 16502)
-- Name: django_admin_log_id_seq; Type: SEQUENCE; Schema: public; Owner: -
--

ALTER TABLE public.django_admin_log ALTER COLUMN id ADD GENERATED BY DEFAULT AS IDENTITY (
    SEQUENCE NAME public.django_admin_log_id_seq
    START WITH 1
    INCREMENT BY 1
    NO MINVALUE
    NO MAXVALUE
    CACHE 1
);


--
-- TOC entry 203 (class 1259 OID 16397)
-- Name: django_content_type; Type: TABLE; Schema: public; Owner: -
--

CREATE TABLE public.django_content_type (
    id integer NOT NULL,
    app_label character varying(100) NOT NULL,
    model character varying(100) NOT NULL
);


--
-- TOC entry 202 (class 1259 OID 16395)
-- Name: django_content_type_id_seq; Type: SEQUENCE; Schema: public; Owner: -
--

ALTER TABLE public.django_content_type ALTER COLUMN id ADD GENERATED BY DEFAULT AS IDENTITY (
    SEQUENCE NAME public.django_content_type_id_seq
    START WITH 1
    INCREMENT BY 1
    NO MINVALUE
    NO MAXVALUE
    CACHE 1
);


--
-- TOC entry 201 (class 1259 OID 16387)
-- Name: django_migrations; Type: TABLE; Schema: public; Owner: -
--

CREATE TABLE public.django_migrations (
    id bigint NOT NULL,
    app character varying(255) NOT NULL,
    name character varying(255) NOT NULL,
    applied timestamp with time zone NOT NULL
);


--
-- TOC entry 200 (class 1259 OID 16385)
-- Name: django_migrations_id_seq; Type: SEQUENCE; Schema: public; Owner: -
--

ALTER TABLE public.django_migrations ALTER COLUMN id ADD GENERATED BY DEFAULT AS IDENTITY (
    SEQUENCE NAME public.django_migrations_id_seq
    START WITH 1
    INCREMENT BY 1
    NO MINVALUE
    NO MAXVALUE
    CACHE 1
);


--
-- TOC entry 218 (class 1259 OID 16534)
-- Name: django_session; Type: TABLE; Schema: public; Owner: -
--

CREATE TABLE public.django_session (
    session_key character varying(40) NOT NULL,
    session_data text NOT NULL,
    expire_date timestamp with time zone NOT NULL
);


--
-- TOC entry 230 (class 1259 OID 24631)
-- Name: employee_absence_codes; Type: TABLE; Schema: public; Owner: -
--

CREATE TABLE public.employee_absence_codes (
    id_employee_absence_code integer NOT NULL,
    employee_absence_code character varying NOT NULL,
    employee_absence_code_abbreviation character varying NOT NULL
);


--
-- TOC entry 229 (class 1259 OID 24629)
-- Name: employee_absence_codes_id_employee_absence_code_seq; Type: SEQUENCE; Schema: public; Owner: -
--

ALTER TABLE public.employee_absence_codes ALTER COLUMN id_employee_absence_code ADD GENERATED BY DEFAULT AS IDENTITY (
    SEQUENCE NAME public.employee_absence_codes_id_employee_absence_code_seq
    START WITH 1
    INCREMENT BY 1
    NO MINVALUE
    NO MAXVALUE
    CACHE 1
);


--
-- TOC entry 262 (class 1259 OID 24819)
-- Name: employee_absences; Type: TABLE; Schema: public; Owner: -
--

CREATE TABLE public.employee_absences (
    id_employee_absence integer NOT NULL,
    employee_absence_from timestamp with time zone NOT NULL,
    employee_absence_to timestamp with time zone NOT NULL,
    fk_employee integer NOT NULL,
    fk_employee_absence_code integer NOT NULL
);


--
-- TOC entry 261 (class 1259 OID 24817)
-- Name: employee_absences_id_employee_absence_seq; Type: SEQUENCE; Schema: public; Owner: -
--

ALTER TABLE public.employee_absences ALTER COLUMN id_employee_absence ADD GENERATED BY DEFAULT AS IDENTITY (
    SEQUENCE NAME public.employee_absences_id_employee_absence_seq
    START WITH 1
    INCREMENT BY 1
    NO MINVALUE
    NO MAXVALUE
    CACHE 1
);


--
-- TOC entry 234 (class 1259 OID 24653)
-- Name: employee_types; Type: TABLE; Schema: public; Owner: -
--

CREATE TABLE public.employee_types (
    id_employee_type integer NOT NULL,
    employee_type_description character varying NOT NULL
);


--
-- TOC entry 233 (class 1259 OID 24651)
-- Name: employee_types_id_employee_type_seq; Type: SEQUENCE; Schema: public; Owner: -
--

ALTER TABLE public.employee_types ALTER COLUMN id_employee_type ADD GENERATED BY DEFAULT AS IDENTITY (
    SEQUENCE NAME public.employee_types_id_employee_type_seq
    START WITH 1
    INCREMENT BY 1
    NO MINVALUE
    NO MAXVALUE
    CACHE 1
);


--
-- TOC entry 232 (class 1259 OID 24641)
-- Name: employees; Type: TABLE; Schema: public; Owner: -
--

CREATE TABLE public.employees (
    id_employee integer NOT NULL,
    employee_first_name character varying NOT NULL,
    employee_last_name character varying NOT NULL,
    employee_street character varying NOT NULL,
    employee_zipcode character varying NOT NULL,
    employee_city character varying NOT NULL,
    employee_email character varying NOT NULL,
    employee_cell_phone character varying NOT NULL,
    employee_birthday date NOT NULL,
    employee_salary numeric(11,2),
    employee_fte numeric(3,2),
    employee_internal_alias character varying NOT NULL,
    fk_employee_type integer NOT NULL,
    fk_sys_rec_status integer NOT NULL,
    fk_country integer NOT NULL
);


--
-- TOC entry 231 (class 1259 OID 24639)
-- Name: employees_id_employee_seq; Type: SEQUENCE; Schema: public; Owner: -
--

ALTER TABLE public.employees ALTER COLUMN id_employee ADD GENERATED BY DEFAULT AS IDENTITY (
    SEQUENCE NAME public.employees_id_employee_seq
    START WITH 1
    INCREMENT BY 1
    NO MINVALUE
    NO MAXVALUE
    CACHE 1
);


--
-- TOC entry 238 (class 1259 OID 24673)
-- Name: invoice_states; Type: TABLE; Schema: public; Owner: -
--

CREATE TABLE public.invoice_states (
    id_invoice_state integer NOT NULL,
    invoice_state character varying NOT NULL
);


--
-- TOC entry 237 (class 1259 OID 24671)
-- Name: invoice_states_id_invoice_state_seq; Type: SEQUENCE; Schema: public; Owner: -
--

ALTER TABLE public.invoice_states ALTER COLUMN id_invoice_state ADD GENERATED BY DEFAULT AS IDENTITY (
    SEQUENCE NAME public.invoice_states_id_invoice_state_seq
    START WITH 1
    INCREMENT BY 1
    NO MINVALUE
    NO MAXVALUE
    CACHE 1
);


--
-- TOC entry 240 (class 1259 OID 24683)
-- Name: invoice_terms; Type: TABLE; Schema: public; Owner: -
--

CREATE TABLE public.invoice_terms (
    id_invoice_term integer NOT NULL,
    due_days integer NOT NULL,
    term_title character varying NOT NULL
);


--
-- TOC entry 239 (class 1259 OID 24681)
-- Name: invoice_terms_id_invoice_term_seq; Type: SEQUENCE; Schema: public; Owner: -
--

ALTER TABLE public.invoice_terms ALTER COLUMN id_invoice_term ADD GENERATED BY DEFAULT AS IDENTITY (
    SEQUENCE NAME public.invoice_terms_id_invoice_term_seq
    START WITH 1
    INCREMENT BY 1
    NO MINVALUE
    NO MAXVALUE
    CACHE 1
);


--
-- TOC entry 260 (class 1259 OID 24789)
-- Name: invoice_texts; Type: TABLE; Schema: public; Owner: -
--

CREATE TABLE public.invoice_texts (
    id_invoice_text integer NOT NULL,
    invoice_text character varying NOT NULL,
    fk_customer integer NOT NULL
);


--
-- TOC entry 259 (class 1259 OID 24787)
-- Name: invoice_texts_id_invoice_text_seq; Type: SEQUENCE; Schema: public; Owner: -
--

ALTER TABLE public.invoice_texts ALTER COLUMN id_invoice_text ADD GENERATED BY DEFAULT AS IDENTITY (
    SEQUENCE NAME public.invoice_texts_id_invoice_text_seq
    START WITH 1
    INCREMENT BY 1
    NO MINVALUE
    NO MAXVALUE
    CACHE 1
);


--
-- TOC entry 236 (class 1259 OID 24663)
-- Name: invoices; Type: TABLE; Schema: public; Owner: -
--

CREATE TABLE public.invoices (
    id_invoice integer NOT NULL,
    invoice_date date NOT NULL,
    invoice_text character varying,
    fk_invoice_state integer NOT NULL,
    fk_invoice_terms integer NOT NULL
);


--
-- TOC entry 235 (class 1259 OID 24661)
-- Name: invoices_id_invoice_seq; Type: SEQUENCE; Schema: public; Owner: -
--

ALTER TABLE public.invoices ALTER COLUMN id_invoice ADD GENERATED BY DEFAULT AS IDENTITY (
    SEQUENCE NAME public.invoices_id_invoice_seq
    START WITH 1
    INCREMENT BY 1
    NO MINVALUE
    NO MAXVALUE
    CACHE 1
);


--
-- TOC entry 242 (class 1259 OID 24695)
-- Name: projects; Type: TABLE; Schema: public; Owner: -
--

CREATE TABLE public.projects (
    id_project integer NOT NULL,
    project_name character varying NOT NULL,
    start_date date NOT NULL,
    end_date date NOT NULL,
    fk_customer integer NOT NULL,
    fk_sys_rec_status integer NOT NULL
);


--
-- TOC entry 241 (class 1259 OID 24693)
-- Name: projects_id_project_seq; Type: SEQUENCE; Schema: public; Owner: -
--

ALTER TABLE public.projects ALTER COLUMN id_project ADD GENERATED BY DEFAULT AS IDENTITY (
    SEQUENCE NAME public.projects_id_project_seq
    START WITH 1
    INCREMENT BY 1
    NO MINVALUE
    NO MAXVALUE
    CACHE 1
);


--
-- TOC entry 258 (class 1259 OID 24779)
-- Name: sales; Type: TABLE; Schema: public; Owner: -
--

CREATE TABLE public.sales (
    id_sale integer NOT NULL,
    sale_date date NOT NULL,
    sale_amount numeric(11,2) NOT NULL,
    sale_unit_price numeric(11,2) NOT NULL,
    sale_reference character varying NOT NULL,
    sale_description character varying,
    sale_time time without time zone,
    fk_currency integer,
    fk_invoice integer,
    fk_project integer NOT NULL,
    fk_sales_status integer,
    fk_unit integer NOT NULL,
    fk_vat integer
);


--
-- TOC entry 257 (class 1259 OID 24777)
-- Name: sales_id_sale_seq; Type: SEQUENCE; Schema: public; Owner: -
--

ALTER TABLE public.sales ALTER COLUMN id_sale ADD GENERATED BY DEFAULT AS IDENTITY (
    SEQUENCE NAME public.sales_id_sale_seq
    START WITH 1
    INCREMENT BY 1
    NO MINVALUE
    NO MAXVALUE
    CACHE 1
);


--
-- TOC entry 244 (class 1259 OID 24705)
-- Name: sales_state; Type: TABLE; Schema: public; Owner: -
--

CREATE TABLE public.sales_state (
    id_sales_state integer NOT NULL,
    sales_state character varying NOT NULL
);


--
-- TOC entry 243 (class 1259 OID 24703)
-- Name: sales_state_id_sales_state_seq; Type: SEQUENCE; Schema: public; Owner: -
--

ALTER TABLE public.sales_state ALTER COLUMN id_sales_state ADD GENERATED BY DEFAULT AS IDENTITY (
    SEQUENCE NAME public.sales_state_id_sales_state_seq
    START WITH 1
    INCREMENT BY 1
    NO MINVALUE
    NO MAXVALUE
    CACHE 1
);


--
-- TOC entry 246 (class 1259 OID 24717)
-- Name: sys_rec_states; Type: TABLE; Schema: public; Owner: -
--

CREATE TABLE public.sys_rec_states (
    id_sys_rec_status integer NOT NULL,
    sys_rec_status character varying NOT NULL,
    entity character varying
);


--
-- TOC entry 245 (class 1259 OID 24715)
-- Name: sys_rec_states_id_sys_rec_status_seq; Type: SEQUENCE; Schema: public; Owner: -
--

ALTER TABLE public.sys_rec_states ALTER COLUMN id_sys_rec_status ADD GENERATED BY DEFAULT AS IDENTITY (
    SEQUENCE NAME public.sys_rec_states_id_sys_rec_status_seq
    START WITH 1
    INCREMENT BY 1
    NO MINVALUE
    NO MAXVALUE
    CACHE 1
);


--
-- TOC entry 248 (class 1259 OID 24727)
-- Name: task_states; Type: TABLE; Schema: public; Owner: -
--

CREATE TABLE public.task_states (
    id_task_state integer NOT NULL,
    task_state character varying NOT NULL
);


--
-- TOC entry 247 (class 1259 OID 24725)
-- Name: task_states_id_task_state_seq; Type: SEQUENCE; Schema: public; Owner: -
--

ALTER TABLE public.task_states ALTER COLUMN id_task_state ADD GENERATED BY DEFAULT AS IDENTITY (
    SEQUENCE NAME public.task_states_id_task_state_seq
    START WITH 1
    INCREMENT BY 1
    NO MINVALUE
    NO MAXVALUE
    CACHE 1
);


--
-- TOC entry 254 (class 1259 OID 24759)
-- Name: task_templates; Type: TABLE; Schema: public; Owner: -
--

CREATE TABLE public.task_templates (
    id_task_template integer NOT NULL,
    fk_project integer,
    amount numeric(11,2) NOT NULL,
    unit_price numeric(11,2) NOT NULL,
    task_description character varying NOT NULL,
    fk_currency integer,
    fk_unit integer NOT NULL,
    fk_vat integer
);


--
-- TOC entry 253 (class 1259 OID 24757)
-- Name: task_templates_id_task_template_seq; Type: SEQUENCE; Schema: public; Owner: -
--

ALTER TABLE public.task_templates ALTER COLUMN id_task_template ADD GENERATED BY DEFAULT AS IDENTITY (
    SEQUENCE NAME public.task_templates_id_task_template_seq
    START WITH 1
    INCREMENT BY 1
    NO MINVALUE
    NO MAXVALUE
    CACHE 1
);


--
-- TOC entry 256 (class 1259 OID 24769)
-- Name: tasks; Type: TABLE; Schema: public; Owner: -
--

CREATE TABLE public.tasks (
    id_task integer NOT NULL,
    task_date_from date,
    task_date_to date,
    amount numeric(11,2),
    unit_price numeric(11,2),
    task_description character varying NOT NULL,
    internal_info character varying,
    customer_reference character varying,
    fk_subcontractor integer,
    task_time_from time without time zone,
    task_time_to time without time zone,
    fk_asset_1 integer,
    fk_asset_2 integer,
    fk_currency integer,
    fk_employee_1 integer,
    fk_employee_2 integer,
    fk_invoice integer,
    fk_project integer NOT NULL,
    fk_task_state integer NOT NULL,
    fk_unit integer,
    fk_vat integer
);


--
-- TOC entry 255 (class 1259 OID 24767)
-- Name: tasks_id_task_seq; Type: SEQUENCE; Schema: public; Owner: -
--

ALTER TABLE public.tasks ALTER COLUMN id_task ADD GENERATED BY DEFAULT AS IDENTITY (
    SEQUENCE NAME public.tasks_id_task_seq
    START WITH 1
    INCREMENT BY 1
    NO MINVALUE
    NO MAXVALUE
    CACHE 1
);


--
-- TOC entry 250 (class 1259 OID 24737)
-- Name: units; Type: TABLE; Schema: public; Owner: -
--

CREATE TABLE public.units (
    id_unit integer NOT NULL,
    unit character varying NOT NULL,
    unit_abbreviation character varying NOT NULL
);


--
-- TOC entry 249 (class 1259 OID 24735)
-- Name: units_id_unit_seq; Type: SEQUENCE; Schema: public; Owner: -
--

ALTER TABLE public.units ALTER COLUMN id_unit ADD GENERATED BY DEFAULT AS IDENTITY (
    SEQUENCE NAME public.units_id_unit_seq
    START WITH 1
    INCREMENT BY 1
    NO MINVALUE
    NO MAXVALUE
    CACHE 1
);


--
-- TOC entry 252 (class 1259 OID 24747)
-- Name: vat; Type: TABLE; Schema: public; Owner: -
--

CREATE TABLE public.vat (
    id_vat integer NOT NULL,
    vat numeric(3,3) NOT NULL,
    vat_title character varying NOT NULL
);


--
-- TOC entry 251 (class 1259 OID 24745)
-- Name: vat_id_vat_seq; Type: SEQUENCE; Schema: public; Owner: -
--

ALTER TABLE public.vat ALTER COLUMN id_vat ADD GENERATED BY DEFAULT AS IDENTITY (
    SEQUENCE NAME public.vat_id_vat_seq
    START WITH 1
    INCREMENT BY 1
    NO MINVALUE
    NO MAXVALUE
    CACHE 1
);


--
-- TOC entry 3073 (class 2604 OID 32774)
-- Name: countries id_country; Type: DEFAULT; Schema: public; Owner: -
--

ALTER TABLE ONLY public.countries ALTER COLUMN id_country SET DEFAULT nextval('public.countries_id_country_seq'::regclass);


--
-- TOC entry 3410 (class 0 OID 24579)
-- Dependencies: 220
-- Data for Name: asset_absence_codes; Type: TABLE DATA; Schema: public; Owner: -
--

COPY public.asset_absence_codes (id_asset_absence_code, asset_absence_code, asset_absence_code_abbreviation) FROM stdin;
1	Wartung	W
2	Vermietet	V
3	Reparatur	R
4	Prüfung	P
\.


--
-- TOC entry 3454 (class 0 OID 24841)
-- Dependencies: 264
-- Data for Name: asset_absences; Type: TABLE DATA; Schema: public; Owner: -
--

COPY public.asset_absences (id_asset_absence, asset_absence_from, asset_absence_to, fk_asset, fk_asset_absence_code) FROM stdin;
\.


--
-- TOC entry 3414 (class 0 OID 24599)
-- Dependencies: 224
-- Data for Name: asset_types; Type: TABLE DATA; Schema: public; Owner: -
--

COPY public.asset_types (id_asset_type, asset_type) FROM stdin;
1	Werkzeuge
2	Maschinen
3	Informationssysteme
4	Fahrzeuge
\.


--
-- TOC entry 3412 (class 0 OID 24589)
-- Dependencies: 222
-- Data for Name: assets; Type: TABLE DATA; Schema: public; Owner: -
--

COPY public.assets (id_asset, asset_description, asset_internal_alias, year_of_production, fk_asset_type, fk_sys_rec_status) FROM stdin;
\.


--
-- TOC entry 3397 (class 0 OID 16413)
-- Dependencies: 207
-- Data for Name: auth_group; Type: TABLE DATA; Schema: public; Owner: -
--

COPY public.auth_group (id, name) FROM stdin;
\.


--
-- TOC entry 3399 (class 0 OID 16422)
-- Dependencies: 209
-- Data for Name: auth_group_permissions; Type: TABLE DATA; Schema: public; Owner: -
--

COPY public.auth_group_permissions (id, group_id, permission_id) FROM stdin;
\.


--
-- TOC entry 3395 (class 0 OID 16406)
-- Dependencies: 205
-- Data for Name: auth_permission; Type: TABLE DATA; Schema: public; Owner: -
--

COPY public.auth_permission (id, name, content_type_id, codename) FROM stdin;
1	Can add log entry	1	add_logentry
2	Can change log entry	1	change_logentry
3	Can delete log entry	1	delete_logentry
4	Can view log entry	1	view_logentry
5	Can add permission	2	add_permission
6	Can change permission	2	change_permission
7	Can delete permission	2	delete_permission
8	Can view permission	2	view_permission
9	Can add group	3	add_group
10	Can change group	3	change_group
11	Can delete group	3	delete_group
12	Can view group	3	view_group
13	Can add user	4	add_user
14	Can change user	4	change_user
15	Can delete user	4	delete_user
16	Can view user	4	view_user
17	Can add content type	5	add_contenttype
18	Can change content type	5	change_contenttype
19	Can delete content type	5	delete_contenttype
20	Can view content type	5	view_contenttype
21	Can add session	6	add_session
22	Can change session	6	change_session
23	Can delete session	6	delete_session
24	Can view session	6	view_session
34	Can add vat	34	add_vat
35	Can change vat	34	change_vat
36	Can delete vat	34	delete_vat
37	Can view vat	34	view_vat
38	Can add projects	35	add_projects
39	Can change projects	35	change_projects
40	Can delete projects	35	delete_projects
41	Can view projects	35	view_projects
42	Can add asset absences	36	add_assetabsences
43	Can change asset absences	36	change_assetabsences
44	Can delete asset absences	36	delete_assetabsences
45	Can view asset absences	36	view_assetabsences
46	Can add invoice texts	37	add_invoicetexts
47	Can change invoice texts	37	change_invoicetexts
48	Can delete invoice texts	37	delete_invoicetexts
49	Can view invoice texts	37	view_invoicetexts
50	Can add currencies	38	add_currencies
51	Can change currencies	38	change_currencies
52	Can delete currencies	38	delete_currencies
53	Can view currencies	38	view_currencies
54	Can add employee absences	39	add_employeeabsences
55	Can change employee absences	39	change_employeeabsences
56	Can delete employee absences	39	delete_employeeabsences
57	Can view employee absences	39	view_employeeabsences
58	Can add companies	40	add_companies
59	Can change companies	40	change_companies
60	Can delete companies	40	delete_companies
61	Can view companies	40	view_companies
62	Can add sales state	41	add_salesstate
63	Can change sales state	41	change_salesstate
64	Can delete sales state	41	delete_salesstate
65	Can view sales state	41	view_salesstate
66	Can add units	42	add_units
67	Can change units	42	change_units
68	Can delete units	42	delete_units
69	Can view units	42	view_units
70	Can add task templates	43	add_tasktemplates
71	Can change task templates	43	change_tasktemplates
72	Can delete task templates	43	delete_tasktemplates
73	Can view task templates	43	view_tasktemplates
74	Can add invoice terms	44	add_invoiceterms
75	Can change invoice terms	44	change_invoiceterms
76	Can delete invoice terms	44	delete_invoiceterms
77	Can view invoice terms	44	view_invoiceterms
78	Can add invoice states	45	add_invoicestates
79	Can change invoice states	45	change_invoicestates
80	Can delete invoice states	45	delete_invoicestates
81	Can view invoice states	45	view_invoicestates
82	Can add tasks	46	add_tasks
83	Can change tasks	46	change_tasks
84	Can delete tasks	46	delete_tasks
85	Can view tasks	46	view_tasks
86	Can add asset types	47	add_assettypes
87	Can change asset types	47	change_assettypes
88	Can delete asset types	47	delete_assettypes
89	Can view asset types	47	view_assettypes
90	Can add assets	48	add_assets
91	Can change assets	48	change_assets
92	Can delete assets	48	delete_assets
93	Can view assets	48	view_assets
94	Can add sales	49	add_sales
95	Can change sales	49	change_sales
96	Can delete sales	49	delete_sales
97	Can view sales	49	view_sales
98	Can add asset absence codes	50	add_assetabsencecodes
99	Can change asset absence codes	50	change_assetabsencecodes
100	Can delete asset absence codes	50	delete_assetabsencecodes
101	Can view asset absence codes	50	view_assetabsencecodes
102	Can add employee absence codes	51	add_employeeabsencecodes
103	Can change employee absence codes	51	change_employeeabsencecodes
104	Can delete employee absence codes	51	delete_employeeabsencecodes
105	Can view employee absence codes	51	view_employeeabsencecodes
106	Can add employee types	52	add_employeetypes
107	Can change employee types	52	change_employeetypes
108	Can delete employee types	52	delete_employeetypes
109	Can view employee types	52	view_employeetypes
110	Can add invoices	53	add_invoices
111	Can change invoices	53	change_invoices
112	Can delete invoices	53	delete_invoices
113	Can view invoices	53	view_invoices
114	Can add employees	54	add_employees
115	Can change employees	54	change_employees
116	Can delete employees	54	delete_employees
117	Can view employees	54	view_employees
118	Can add sys rec states	55	add_sysrecstates
119	Can change sys rec states	55	change_sysrecstates
120	Can delete sys rec states	55	delete_sysrecstates
121	Can view sys rec states	55	view_sysrecstates
122	Can add task states	56	add_taskstates
123	Can change task states	56	change_taskstates
124	Can delete task states	56	delete_taskstates
125	Can view task states	56	view_taskstates
\.


--
-- TOC entry 3401 (class 0 OID 16429)
-- Dependencies: 211
-- Data for Name: auth_user; Type: TABLE DATA; Schema: public; Owner: -
--

COPY public.auth_user (id, password, last_login, is_superuser, username, first_name, last_name, email, is_staff, is_active, date_joined) FROM stdin;
1	pbkdf2_sha256$600000$16xW8aRYXco8UCtuIf6Zrj$5JiQcS85/zwwiTG33/8YtMoS+Wl/c49gUU8SNHJuIDo=	2023-09-19 13:25:25.655637+00	t	root				t	t	2023-09-19 13:25:21.528528+00
\.


--
-- TOC entry 3403 (class 0 OID 16438)
-- Dependencies: 213
-- Data for Name: auth_user_groups; Type: TABLE DATA; Schema: public; Owner: -
--

COPY public.auth_user_groups (id, user_id, group_id) FROM stdin;
\.


--
-- TOC entry 3405 (class 0 OID 16445)
-- Dependencies: 215
-- Data for Name: auth_user_user_permissions; Type: TABLE DATA; Schema: public; Owner: -
--

COPY public.auth_user_user_permissions (id, user_id, permission_id) FROM stdin;
\.


--
-- TOC entry 3416 (class 0 OID 24609)
-- Dependencies: 226
-- Data for Name: companies; Type: TABLE DATA; Schema: public; Owner: -
--

COPY public.companies (id_company, company_name, company_street, company_zipcode, fk_country, company_city, company_internal_alias, company_email, is_customer, is_supplier, is_subcontractor, fk_sys_rec_status) FROM stdin;
\.


--
-- TOC entry 3456 (class 0 OID 32771)
-- Dependencies: 266
-- Data for Name: countries; Type: TABLE DATA; Schema: public; Owner: -
--

COPY public.countries (id_country, country, country_code) FROM stdin;
\.


--
-- TOC entry 3418 (class 0 OID 24621)
-- Dependencies: 228
-- Data for Name: currencies; Type: TABLE DATA; Schema: public; Owner: -
--

COPY public.currencies (id_currency, currency, currency_abbreviation, currency_account_nr) FROM stdin;
1	Schweizer Franken	CHF	CH56 XXXX XXXX XXXX XXXX N
2	Euro	EUR	CH56 XXXX XXXX XXXX XXXX N
3	US Dollar	USD	CH56 XXXX XXXX XXXX XXXX N
\.


--
-- TOC entry 3407 (class 0 OID 16504)
-- Dependencies: 217
-- Data for Name: django_admin_log; Type: TABLE DATA; Schema: public; Owner: -
--

COPY public.django_admin_log (id, action_time, object_id, object_repr, action_flag, change_message, content_type_id, user_id) FROM stdin;
1	2023-09-19 17:10:32.777506+00	1	AssetAbsenceCodes object (1)	1	[{"added": {}}]	50	1
2	2023-09-19 17:10:40.680422+00	2	AssetAbsenceCodes object (2)	1	[{"added": {}}]	50	1
3	2023-09-19 17:10:52.379558+00	3	AssetAbsenceCodes object (3)	1	[{"added": {}}]	50	1
4	2023-09-19 17:11:03.326417+00	4	AssetAbsenceCodes object (4)	1	[{"added": {}}]	50	1
5	2023-09-19 17:12:33.423479+00	1	AssetTypes object (1)	1	[{"added": {}}]	47	1
6	2023-09-19 17:12:36.892415+00	2	AssetTypes object (2)	1	[{"added": {}}]	47	1
7	2023-09-19 17:12:54.429906+00	3	AssetTypes object (3)	1	[{"added": {}}]	47	1
8	2023-09-19 17:13:13.796486+00	4	AssetTypes object (4)	1	[{"added": {}}]	47	1
9	2023-09-19 17:14:18.438085+00	1	CHF	1	[{"added": {}}]	38	1
10	2023-09-19 17:14:27.452108+00	2	EUR	1	[{"added": {}}]	38	1
11	2023-09-19 17:14:36.820525+00	3	USD	1	[{"added": {}}]	38	1
12	2023-09-19 17:17:47.5934+00	1	EmployeeAbsenceCodes object (1)	1	[{"added": {}}]	51	1
13	2023-09-19 17:18:01.246262+00	2	EmployeeAbsenceCodes object (2)	1	[{"added": {}}]	51	1
14	2023-09-19 17:18:10.093844+00	3	EmployeeAbsenceCodes object (3)	1	[{"added": {}}]	51	1
15	2023-09-19 17:18:17.663241+00	4	EmployeeAbsenceCodes object (4)	1	[{"added": {}}]	51	1
16	2023-09-19 17:18:24.565508+00	5	EmployeeAbsenceCodes object (5)	1	[{"added": {}}]	51	1
17	2023-09-19 17:18:43.321356+00	6	EmployeeAbsenceCodes object (6)	1	[{"added": {}}]	51	1
18	2023-09-19 17:19:03.290736+00	7	EmployeeAbsenceCodes object (7)	1	[{"added": {}}]	51	1
19	2023-09-19 17:19:13.838245+00	8	EmployeeAbsenceCodes object (8)	1	[{"added": {}}]	51	1
20	2023-09-19 17:19:27.746676+00	9	EmployeeAbsenceCodes object (9)	1	[{"added": {}}]	51	1
21	2023-09-19 17:19:41.881874+00	10	EmployeeAbsenceCodes object (10)	1	[{"added": {}}]	51	1
22	2023-09-19 17:21:24.591639+00	1	EmployeeTypes object (1)	1	[{"added": {}}]	52	1
23	2023-09-19 17:21:33.285506+00	2	EmployeeTypes object (2)	1	[{"added": {}}]	52	1
24	2023-09-19 17:21:44.914024+00	3	EmployeeTypes object (3)	1	[{"added": {}}]	52	1
25	2023-09-19 17:22:12.389332+00	4	EmployeeTypes object (4)	1	[{"added": {}}]	52	1
26	2023-09-19 17:22:49.647282+00	5	EmployeeTypes object (5)	1	[{"added": {}}]	52	1
27	2023-09-19 17:22:58.800525+00	1	erstellt	1	[{"added": {}}]	45	1
28	2023-09-19 17:23:02.666531+00	2	exportiert	1	[{"added": {}}]	45	1
29	2023-09-19 17:23:05.916896+00	3	verbucht	1	[{"added": {}}]	45	1
30	2023-09-19 17:23:18.126368+00	1	10 - Tage	1	[{"added": {}}]	44	1
31	2023-09-19 17:23:24.865792+00	2	30 - Tage	1	[{"added": {}}]	44	1
32	2023-09-19 17:23:31.969146+00	3	45 - Tage	1	[{"added": {}}]	44	1
33	2023-09-19 17:23:37.628443+00	4	60 - Tage	1	[{"added": {}}]	44	1
34	2023-09-19 17:23:52.476398+00	1	verkauft	1	[{"added": {}}]	41	1
35	2023-09-19 17:23:58.025457+00	2	geliefert	1	[{"added": {}}]	41	1
36	2023-09-19 17:24:02.518515+00	3	verrechnet	1	[{"added": {}}]	41	1
37	2023-09-19 17:24:16.265511+00	1	Aktiv	1	[{"added": {}}]	55	1
38	2023-09-19 17:24:21.46482+00	2	Passiv	1	[{"added": {}}]	55	1
39	2023-09-19 17:24:36.768227+00	1	erstellt	1	[{"added": {}}]	56	1
40	2023-09-19 17:24:48.302599+00	2	geplant	1	[{"added": {}}]	56	1
41	2023-09-19 17:24:53.25205+00	3	ausgeführt	1	[{"added": {}}]	56	1
42	2023-09-19 17:24:59.64109+00	4	abgeschlossen	1	[{"added": {}}]	56	1
43	2023-09-19 17:25:03.945305+00	5	verrechnet	1	[{"added": {}}]	56	1
44	2023-09-19 17:25:14.400107+00	1	Meter	1	[{"added": {}}]	42	1
45	2023-09-19 17:25:19.781644+00	2	Kilometer	1	[{"added": {}}]	42	1
46	2023-09-19 17:25:26.132328+00	3	Kilogramm	1	[{"added": {}}]	42	1
47	2023-09-19 17:25:31.079068+00	4	Tonnen	1	[{"added": {}}]	42	1
48	2023-09-19 17:25:37.24488+00	5	Stunden	1	[{"added": {}}]	42	1
49	2023-09-19 17:25:41.844303+00	6	Minuten	1	[{"added": {}}]	42	1
50	2023-09-19 17:25:51.769255+00	7	Pauschale	1	[{"added": {}}]	42	1
51	2023-09-19 17:26:00.292735+00	8	Stück	1	[{"added": {}}]	42	1
52	2023-09-19 17:26:12.883998+00	9	Lademeter	1	[{"added": {}}]	42	1
53	2023-09-19 17:26:29.338002+00	1	7.7% - Normalsatz	1	[{"added": {}}]	34	1
54	2023-09-19 17:26:48.981797+00	2	3.8% Sondersatz	1	[{"added": {}}]	34	1
55	2023-09-19 17:27:00.616051+00	3	2.5% Reduzierter Satz	1	[{"added": {}}]	34	1
\.


--
-- TOC entry 3393 (class 0 OID 16397)
-- Dependencies: 203
-- Data for Name: django_content_type; Type: TABLE DATA; Schema: public; Owner: -
--

COPY public.django_content_type (id, app_label, model) FROM stdin;
1	admin	logentry
2	auth	permission
3	auth	group
4	auth	user
5	contenttypes	contenttype
6	sessions	session
34	api	vat
35	api	projects
36	api	assetabsences
37	api	invoicetexts
38	api	currencies
39	api	employeeabsences
40	api	companies
41	api	salesstate
42	api	units
43	api	tasktemplates
44	api	invoiceterms
45	api	invoicestates
46	api	tasks
47	api	assettypes
48	api	assets
49	api	sales
50	api	assetabsencecodes
51	api	employeeabsencecodes
52	api	employeetypes
53	api	invoices
54	api	employees
55	api	sysrecstates
56	api	taskstates
\.


--
-- TOC entry 3391 (class 0 OID 16387)
-- Dependencies: 201
-- Data for Name: django_migrations; Type: TABLE DATA; Schema: public; Owner: -
--

COPY public.django_migrations (id, app, name, applied) FROM stdin;
1	contenttypes	0001_initial	2023-09-19 13:18:57.051607+00
2	auth	0001_initial	2023-09-19 13:18:57.123077+00
3	admin	0001_initial	2023-09-19 13:18:57.148324+00
4	admin	0002_logentry_remove_auto_add	2023-09-19 13:18:57.162916+00
5	admin	0003_logentry_add_action_flag_choices	2023-09-19 13:18:57.169868+00
6	contenttypes	0002_remove_content_type_name	2023-09-19 13:18:57.177922+00
7	auth	0002_alter_permission_name_max_length	2023-09-19 13:18:57.182477+00
8	auth	0003_alter_user_email_max_length	2023-09-19 13:18:57.186748+00
9	auth	0004_alter_user_username_opts	2023-09-19 13:18:57.190891+00
10	auth	0005_alter_user_last_login_null	2023-09-19 13:18:57.19561+00
11	auth	0006_require_contenttypes_0002	2023-09-19 13:18:57.197528+00
12	auth	0007_alter_validators_add_error_messages	2023-09-19 13:18:57.202082+00
13	auth	0008_alter_user_username_max_length	2023-09-19 13:18:57.209723+00
14	auth	0009_alter_user_last_name_max_length	2023-09-19 13:18:57.214466+00
15	auth	0010_alter_group_name_max_length	2023-09-19 13:18:57.219369+00
16	auth	0011_update_proxy_permissions	2023-09-19 13:18:57.223539+00
17	auth	0012_alter_user_first_name_max_length	2023-09-19 13:18:57.228025+00
18	sessions	0001_initial	2023-09-19 13:18:57.240257+00
34	api	0001_initial	2023-09-19 13:20:42.983072+00
\.


--
-- TOC entry 3408 (class 0 OID 16534)
-- Dependencies: 218
-- Data for Name: django_session; Type: TABLE DATA; Schema: public; Owner: -
--

COPY public.django_session (session_key, session_data, expire_date) FROM stdin;
35bt9qps2wh8uwnwubwl67y5ca9kie70	eyJwdXNoX3NlbnQiOm51bGx9:1qiaes:69PQ6VbwqZ-jQKfgqiQ9Aakj7Bo2TUWyyIAaW0bkGZY	2023-10-03 13:20:54.564471+00
l1g4y2vtno5r1sg468w5btjgkxl2qava	.eJxVjEEOgyAURK_SsFbyoUjFZfc9A_l8oNoabASbNE3vXk3cmMxq3pv5steSe5tDKqxLyzhWbMRcLFIZ3kP5sI5JkOcaTC3MSTSd3MIqZnEpvV1ymO3gV0scO4f0DGkD_oHpPnGaUpkHxzeF7zTz2-TDeN3dw0GPuV_XdAlGayInpNNgDGpBGKORCiio1retIRUb3QA0HhQaDVFAiKAlCu0V-_0B9hZICg:1qiajF:RSeY3IxZDwrgsCmsqKgJ4LBQE8zenqcMRM2kzqVpuRk	2023-10-03 13:25:25.657245+00
\.


--
-- TOC entry 3420 (class 0 OID 24631)
-- Dependencies: 230
-- Data for Name: employee_absence_codes; Type: TABLE DATA; Schema: public; Owner: -
--

COPY public.employee_absence_codes (id_employee_absence_code, employee_absence_code, employee_absence_code_abbreviation) FROM stdin;
1	Ferien	F
2	Krankheit bezahlt	KB
3	Krankheit unbezahlt	KU
4	Betriebsunfall	BU
5	Nichtbetriebsunfall	NBU
6	Militär / Zivilschutz	MIL
7	Geburt / Heirat / Tod / Umzug	ZIV
8	Mutterschafts-Urlaub	MUU
9	Unbezahlter Urlaub	UU
10	Unerlaubte Abwesenheit	UA
\.


--
-- TOC entry 3452 (class 0 OID 24819)
-- Dependencies: 262
-- Data for Name: employee_absences; Type: TABLE DATA; Schema: public; Owner: -
--

COPY public.employee_absences (id_employee_absence, employee_absence_from, employee_absence_to, fk_employee, fk_employee_absence_code) FROM stdin;
\.


--
-- TOC entry 3424 (class 0 OID 24653)
-- Dependencies: 234
-- Data for Name: employee_types; Type: TABLE DATA; Schema: public; Owner: -
--

COPY public.employee_types (id_employee_type, employee_type_description) FROM stdin;
1	Full - Time
2	Part - Time
3	Temporär
4	Stundenlohn
5	Kader
\.


--
-- TOC entry 3422 (class 0 OID 24641)
-- Dependencies: 232
-- Data for Name: employees; Type: TABLE DATA; Schema: public; Owner: -
--

COPY public.employees (id_employee, employee_first_name, employee_last_name, employee_street, employee_zipcode, employee_city, employee_email, employee_cell_phone, employee_birthday, employee_salary, employee_fte, employee_internal_alias, fk_employee_type, fk_sys_rec_status, fk_country) FROM stdin;
\.


--
-- TOC entry 3428 (class 0 OID 24673)
-- Dependencies: 238
-- Data for Name: invoice_states; Type: TABLE DATA; Schema: public; Owner: -
--

COPY public.invoice_states (id_invoice_state, invoice_state) FROM stdin;
1	erstellt
2	exportiert
3	verbucht
\.


--
-- TOC entry 3430 (class 0 OID 24683)
-- Dependencies: 240
-- Data for Name: invoice_terms; Type: TABLE DATA; Schema: public; Owner: -
--

COPY public.invoice_terms (id_invoice_term, due_days, term_title) FROM stdin;
1	10	10 - Tage
2	30	30 - Tage
3	45	45 - Tage
4	60	60 - Tage
\.


--
-- TOC entry 3450 (class 0 OID 24789)
-- Dependencies: 260
-- Data for Name: invoice_texts; Type: TABLE DATA; Schema: public; Owner: -
--

COPY public.invoice_texts (id_invoice_text, invoice_text, fk_customer) FROM stdin;
\.


--
-- TOC entry 3426 (class 0 OID 24663)
-- Dependencies: 236
-- Data for Name: invoices; Type: TABLE DATA; Schema: public; Owner: -
--

COPY public.invoices (id_invoice, invoice_date, invoice_text, fk_invoice_state, fk_invoice_terms) FROM stdin;
\.


--
-- TOC entry 3432 (class 0 OID 24695)
-- Dependencies: 242
-- Data for Name: projects; Type: TABLE DATA; Schema: public; Owner: -
--

COPY public.projects (id_project, project_name, start_date, end_date, fk_customer, fk_sys_rec_status) FROM stdin;
\.


--
-- TOC entry 3448 (class 0 OID 24779)
-- Dependencies: 258
-- Data for Name: sales; Type: TABLE DATA; Schema: public; Owner: -
--

COPY public.sales (id_sale, sale_date, sale_amount, sale_unit_price, sale_reference, sale_description, sale_time, fk_currency, fk_invoice, fk_project, fk_sales_status, fk_unit, fk_vat) FROM stdin;
\.


--
-- TOC entry 3434 (class 0 OID 24705)
-- Dependencies: 244
-- Data for Name: sales_state; Type: TABLE DATA; Schema: public; Owner: -
--

COPY public.sales_state (id_sales_state, sales_state) FROM stdin;
1	verkauft
2	geliefert
3	verrechnet
\.


--
-- TOC entry 3436 (class 0 OID 24717)
-- Dependencies: 246
-- Data for Name: sys_rec_states; Type: TABLE DATA; Schema: public; Owner: -
--

COPY public.sys_rec_states (id_sys_rec_status, sys_rec_status, entity) FROM stdin;
1	Aktiv	General
2	Passiv	General
\.


--
-- TOC entry 3438 (class 0 OID 24727)
-- Dependencies: 248
-- Data for Name: task_states; Type: TABLE DATA; Schema: public; Owner: -
--

COPY public.task_states (id_task_state, task_state) FROM stdin;
1	erstellt
2	geplant
3	ausgeführt
4	abgeschlossen
5	verrechnet
\.


--
-- TOC entry 3444 (class 0 OID 24759)
-- Dependencies: 254
-- Data for Name: task_templates; Type: TABLE DATA; Schema: public; Owner: -
--

COPY public.task_templates (id_task_template, fk_project, amount, unit_price, task_description, fk_currency, fk_unit, fk_vat) FROM stdin;
\.


--
-- TOC entry 3446 (class 0 OID 24769)
-- Dependencies: 256
-- Data for Name: tasks; Type: TABLE DATA; Schema: public; Owner: -
--

COPY public.tasks (id_task, task_date_from, task_date_to, amount, unit_price, task_description, internal_info, customer_reference, fk_subcontractor, task_time_from, task_time_to, fk_asset_1, fk_asset_2, fk_currency, fk_employee_1, fk_employee_2, fk_invoice, fk_project, fk_task_state, fk_unit, fk_vat) FROM stdin;
\.


--
-- TOC entry 3440 (class 0 OID 24737)
-- Dependencies: 250
-- Data for Name: units; Type: TABLE DATA; Schema: public; Owner: -
--

COPY public.units (id_unit, unit, unit_abbreviation) FROM stdin;
1	Meter	m
2	Kilometer	Km
3	Kilogramm	Kg
4	Tonnen	t
5	Stunden	h
6	Minuten	min
7	Pauschale	psl
8	Stück	Stk.
9	Lademeter	ldm.
\.


--
-- TOC entry 3442 (class 0 OID 24747)
-- Dependencies: 252
-- Data for Name: vat; Type: TABLE DATA; Schema: public; Owner: -
--

COPY public.vat (id_vat, vat, vat_title) FROM stdin;
1	0.077	7.7% - Normalsatz
2	0.038	3.8% Sondersatz
3	0.025	2.5% Reduzierter Satz
\.


--
-- TOC entry 3464 (class 0 OID 0)
-- Dependencies: 219
-- Name: asset_absence_codes_id_asset_absence_code_seq; Type: SEQUENCE SET; Schema: public; Owner: -
--

SELECT pg_catalog.setval('public.asset_absence_codes_id_asset_absence_code_seq', 4, true);


--
-- TOC entry 3465 (class 0 OID 0)
-- Dependencies: 263
-- Name: asset_absences_id_asset_absence_seq; Type: SEQUENCE SET; Schema: public; Owner: -
--

SELECT pg_catalog.setval('public.asset_absences_id_asset_absence_seq', 1, false);


--
-- TOC entry 3466 (class 0 OID 0)
-- Dependencies: 223
-- Name: asset_types_id_asset_type_seq; Type: SEQUENCE SET; Schema: public; Owner: -
--

SELECT pg_catalog.setval('public.asset_types_id_asset_type_seq', 4, true);


--
-- TOC entry 3467 (class 0 OID 0)
-- Dependencies: 221
-- Name: assets_id_asset_seq; Type: SEQUENCE SET; Schema: public; Owner: -
--

SELECT pg_catalog.setval('public.assets_id_asset_seq', 1, false);


--
-- TOC entry 3468 (class 0 OID 0)
-- Dependencies: 206
-- Name: auth_group_id_seq; Type: SEQUENCE SET; Schema: public; Owner: -
--

SELECT pg_catalog.setval('public.auth_group_id_seq', 1, false);


--
-- TOC entry 3469 (class 0 OID 0)
-- Dependencies: 208
-- Name: auth_group_permissions_id_seq; Type: SEQUENCE SET; Schema: public; Owner: -
--

SELECT pg_catalog.setval('public.auth_group_permissions_id_seq', 1, false);


--
-- TOC entry 3470 (class 0 OID 0)
-- Dependencies: 204
-- Name: auth_permission_id_seq; Type: SEQUENCE SET; Schema: public; Owner: -
--

SELECT pg_catalog.setval('public.auth_permission_id_seq', 125, true);


--
-- TOC entry 3471 (class 0 OID 0)
-- Dependencies: 212
-- Name: auth_user_groups_id_seq; Type: SEQUENCE SET; Schema: public; Owner: -
--

SELECT pg_catalog.setval('public.auth_user_groups_id_seq', 1, false);


--
-- TOC entry 3472 (class 0 OID 0)
-- Dependencies: 210
-- Name: auth_user_id_seq; Type: SEQUENCE SET; Schema: public; Owner: -
--

SELECT pg_catalog.setval('public.auth_user_id_seq', 1, true);


--
-- TOC entry 3473 (class 0 OID 0)
-- Dependencies: 214
-- Name: auth_user_user_permissions_id_seq; Type: SEQUENCE SET; Schema: public; Owner: -
--

SELECT pg_catalog.setval('public.auth_user_user_permissions_id_seq', 1, false);


--
-- TOC entry 3474 (class 0 OID 0)
-- Dependencies: 225
-- Name: companies_id_company_seq; Type: SEQUENCE SET; Schema: public; Owner: -
--

SELECT pg_catalog.setval('public.companies_id_company_seq', 1, false);


--
-- TOC entry 3475 (class 0 OID 0)
-- Dependencies: 265
-- Name: countries_id_country_seq; Type: SEQUENCE SET; Schema: public; Owner: -
--

SELECT pg_catalog.setval('public.countries_id_country_seq', 1, false);


--
-- TOC entry 3476 (class 0 OID 0)
-- Dependencies: 227
-- Name: currencies_id_currency_seq; Type: SEQUENCE SET; Schema: public; Owner: -
--

SELECT pg_catalog.setval('public.currencies_id_currency_seq', 3, true);


--
-- TOC entry 3477 (class 0 OID 0)
-- Dependencies: 216
-- Name: django_admin_log_id_seq; Type: SEQUENCE SET; Schema: public; Owner: -
--

SELECT pg_catalog.setval('public.django_admin_log_id_seq', 55, true);


--
-- TOC entry 3478 (class 0 OID 0)
-- Dependencies: 202
-- Name: django_content_type_id_seq; Type: SEQUENCE SET; Schema: public; Owner: -
--

SELECT pg_catalog.setval('public.django_content_type_id_seq', 56, true);


--
-- TOC entry 3479 (class 0 OID 0)
-- Dependencies: 200
-- Name: django_migrations_id_seq; Type: SEQUENCE SET; Schema: public; Owner: -
--

SELECT pg_catalog.setval('public.django_migrations_id_seq', 34, true);


--
-- TOC entry 3480 (class 0 OID 0)
-- Dependencies: 229
-- Name: employee_absence_codes_id_employee_absence_code_seq; Type: SEQUENCE SET; Schema: public; Owner: -
--

SELECT pg_catalog.setval('public.employee_absence_codes_id_employee_absence_code_seq', 10, true);


--
-- TOC entry 3481 (class 0 OID 0)
-- Dependencies: 261
-- Name: employee_absences_id_employee_absence_seq; Type: SEQUENCE SET; Schema: public; Owner: -
--

SELECT pg_catalog.setval('public.employee_absences_id_employee_absence_seq', 1, false);


--
-- TOC entry 3482 (class 0 OID 0)
-- Dependencies: 233
-- Name: employee_types_id_employee_type_seq; Type: SEQUENCE SET; Schema: public; Owner: -
--

SELECT pg_catalog.setval('public.employee_types_id_employee_type_seq', 5, true);


--
-- TOC entry 3483 (class 0 OID 0)
-- Dependencies: 231
-- Name: employees_id_employee_seq; Type: SEQUENCE SET; Schema: public; Owner: -
--

SELECT pg_catalog.setval('public.employees_id_employee_seq', 1, false);


--
-- TOC entry 3484 (class 0 OID 0)
-- Dependencies: 237
-- Name: invoice_states_id_invoice_state_seq; Type: SEQUENCE SET; Schema: public; Owner: -
--

SELECT pg_catalog.setval('public.invoice_states_id_invoice_state_seq', 3, true);


--
-- TOC entry 3485 (class 0 OID 0)
-- Dependencies: 239
-- Name: invoice_terms_id_invoice_term_seq; Type: SEQUENCE SET; Schema: public; Owner: -
--

SELECT pg_catalog.setval('public.invoice_terms_id_invoice_term_seq', 4, true);


--
-- TOC entry 3486 (class 0 OID 0)
-- Dependencies: 259
-- Name: invoice_texts_id_invoice_text_seq; Type: SEQUENCE SET; Schema: public; Owner: -
--

SELECT pg_catalog.setval('public.invoice_texts_id_invoice_text_seq', 1, false);


--
-- TOC entry 3487 (class 0 OID 0)
-- Dependencies: 235
-- Name: invoices_id_invoice_seq; Type: SEQUENCE SET; Schema: public; Owner: -
--

SELECT pg_catalog.setval('public.invoices_id_invoice_seq', 1, false);


--
-- TOC entry 3488 (class 0 OID 0)
-- Dependencies: 241
-- Name: projects_id_project_seq; Type: SEQUENCE SET; Schema: public; Owner: -
--

SELECT pg_catalog.setval('public.projects_id_project_seq', 1, false);


--
-- TOC entry 3489 (class 0 OID 0)
-- Dependencies: 257
-- Name: sales_id_sale_seq; Type: SEQUENCE SET; Schema: public; Owner: -
--

SELECT pg_catalog.setval('public.sales_id_sale_seq', 1, false);


--
-- TOC entry 3490 (class 0 OID 0)
-- Dependencies: 243
-- Name: sales_state_id_sales_state_seq; Type: SEQUENCE SET; Schema: public; Owner: -
--

SELECT pg_catalog.setval('public.sales_state_id_sales_state_seq', 3, true);


--
-- TOC entry 3491 (class 0 OID 0)
-- Dependencies: 245
-- Name: sys_rec_states_id_sys_rec_status_seq; Type: SEQUENCE SET; Schema: public; Owner: -
--

SELECT pg_catalog.setval('public.sys_rec_states_id_sys_rec_status_seq', 2, true);


--
-- TOC entry 3492 (class 0 OID 0)
-- Dependencies: 247
-- Name: task_states_id_task_state_seq; Type: SEQUENCE SET; Schema: public; Owner: -
--

SELECT pg_catalog.setval('public.task_states_id_task_state_seq', 5, true);


--
-- TOC entry 3493 (class 0 OID 0)
-- Dependencies: 253
-- Name: task_templates_id_task_template_seq; Type: SEQUENCE SET; Schema: public; Owner: -
--

SELECT pg_catalog.setval('public.task_templates_id_task_template_seq', 1, false);


--
-- TOC entry 3494 (class 0 OID 0)
-- Dependencies: 255
-- Name: tasks_id_task_seq; Type: SEQUENCE SET; Schema: public; Owner: -
--

SELECT pg_catalog.setval('public.tasks_id_task_seq', 1, false);


--
-- TOC entry 3495 (class 0 OID 0)
-- Dependencies: 249
-- Name: units_id_unit_seq; Type: SEQUENCE SET; Schema: public; Owner: -
--

SELECT pg_catalog.setval('public.units_id_unit_seq', 9, true);


--
-- TOC entry 3496 (class 0 OID 0)
-- Dependencies: 251
-- Name: vat_id_vat_seq; Type: SEQUENCE SET; Schema: public; Owner: -
--

SELECT pg_catalog.setval('public.vat_id_vat_seq', 3, true);


--
-- TOC entry 3122 (class 2606 OID 24586)
-- Name: asset_absence_codes asset_absence_codes_pkey; Type: CONSTRAINT; Schema: public; Owner: -
--

ALTER TABLE ONLY public.asset_absence_codes
    ADD CONSTRAINT asset_absence_codes_pkey PRIMARY KEY (id_asset_absence_code);


--
-- TOC entry 3211 (class 2606 OID 24845)
-- Name: asset_absences asset_absences_pkey; Type: CONSTRAINT; Schema: public; Owner: -
--

ALTER TABLE ONLY public.asset_absences
    ADD CONSTRAINT asset_absences_pkey PRIMARY KEY (id_asset_absence);


--
-- TOC entry 3128 (class 2606 OID 24606)
-- Name: asset_types asset_types_pkey; Type: CONSTRAINT; Schema: public; Owner: -
--

ALTER TABLE ONLY public.asset_types
    ADD CONSTRAINT asset_types_pkey PRIMARY KEY (id_asset_type);


--
-- TOC entry 3126 (class 2606 OID 24596)
-- Name: assets assets_pkey; Type: CONSTRAINT; Schema: public; Owner: -
--

ALTER TABLE ONLY public.assets
    ADD CONSTRAINT assets_pkey PRIMARY KEY (id_asset);


--
-- TOC entry 3087 (class 2606 OID 16532)
-- Name: auth_group auth_group_name_key; Type: CONSTRAINT; Schema: public; Owner: -
--

ALTER TABLE ONLY public.auth_group
    ADD CONSTRAINT auth_group_name_key UNIQUE (name);


--
-- TOC entry 3092 (class 2606 OID 16460)
-- Name: auth_group_permissions auth_group_permissions_group_id_permission_id_0cd325b0_uniq; Type: CONSTRAINT; Schema: public; Owner: -
--

ALTER TABLE ONLY public.auth_group_permissions
    ADD CONSTRAINT auth_group_permissions_group_id_permission_id_0cd325b0_uniq UNIQUE (group_id, permission_id);


--
-- TOC entry 3095 (class 2606 OID 16426)
-- Name: auth_group_permissions auth_group_permissions_pkey; Type: CONSTRAINT; Schema: public; Owner: -
--

ALTER TABLE ONLY public.auth_group_permissions
    ADD CONSTRAINT auth_group_permissions_pkey PRIMARY KEY (id);


--
-- TOC entry 3089 (class 2606 OID 16417)
-- Name: auth_group auth_group_pkey; Type: CONSTRAINT; Schema: public; Owner: -
--

ALTER TABLE ONLY public.auth_group
    ADD CONSTRAINT auth_group_pkey PRIMARY KEY (id);


--
-- TOC entry 3082 (class 2606 OID 16451)
-- Name: auth_permission auth_permission_content_type_id_codename_01ab375a_uniq; Type: CONSTRAINT; Schema: public; Owner: -
--

ALTER TABLE ONLY public.auth_permission
    ADD CONSTRAINT auth_permission_content_type_id_codename_01ab375a_uniq UNIQUE (content_type_id, codename);


--
-- TOC entry 3084 (class 2606 OID 16410)
-- Name: auth_permission auth_permission_pkey; Type: CONSTRAINT; Schema: public; Owner: -
--

ALTER TABLE ONLY public.auth_permission
    ADD CONSTRAINT auth_permission_pkey PRIMARY KEY (id);


--
-- TOC entry 3103 (class 2606 OID 16442)
-- Name: auth_user_groups auth_user_groups_pkey; Type: CONSTRAINT; Schema: public; Owner: -
--

ALTER TABLE ONLY public.auth_user_groups
    ADD CONSTRAINT auth_user_groups_pkey PRIMARY KEY (id);


--
-- TOC entry 3106 (class 2606 OID 16475)
-- Name: auth_user_groups auth_user_groups_user_id_group_id_94350c0c_uniq; Type: CONSTRAINT; Schema: public; Owner: -
--

ALTER TABLE ONLY public.auth_user_groups
    ADD CONSTRAINT auth_user_groups_user_id_group_id_94350c0c_uniq UNIQUE (user_id, group_id);


--
-- TOC entry 3097 (class 2606 OID 16433)
-- Name: auth_user auth_user_pkey; Type: CONSTRAINT; Schema: public; Owner: -
--

ALTER TABLE ONLY public.auth_user
    ADD CONSTRAINT auth_user_pkey PRIMARY KEY (id);


--
-- TOC entry 3109 (class 2606 OID 16449)
-- Name: auth_user_user_permissions auth_user_user_permissions_pkey; Type: CONSTRAINT; Schema: public; Owner: -
--

ALTER TABLE ONLY public.auth_user_user_permissions
    ADD CONSTRAINT auth_user_user_permissions_pkey PRIMARY KEY (id);


--
-- TOC entry 3112 (class 2606 OID 16489)
-- Name: auth_user_user_permissions auth_user_user_permissions_user_id_permission_id_14a6b632_uniq; Type: CONSTRAINT; Schema: public; Owner: -
--

ALTER TABLE ONLY public.auth_user_user_permissions
    ADD CONSTRAINT auth_user_user_permissions_user_id_permission_id_14a6b632_uniq UNIQUE (user_id, permission_id);


--
-- TOC entry 3100 (class 2606 OID 16526)
-- Name: auth_user auth_user_username_key; Type: CONSTRAINT; Schema: public; Owner: -
--

ALTER TABLE ONLY public.auth_user
    ADD CONSTRAINT auth_user_username_key UNIQUE (username);


--
-- TOC entry 3131 (class 2606 OID 24618)
-- Name: companies companies_company_internal_alias_key; Type: CONSTRAINT; Schema: public; Owner: -
--

ALTER TABLE ONLY public.companies
    ADD CONSTRAINT companies_company_internal_alias_key UNIQUE (company_internal_alias);


--
-- TOC entry 3134 (class 2606 OID 24616)
-- Name: companies companies_pkey; Type: CONSTRAINT; Schema: public; Owner: -
--

ALTER TABLE ONLY public.companies
    ADD CONSTRAINT companies_pkey PRIMARY KEY (id_company);


--
-- TOC entry 3213 (class 2606 OID 32779)
-- Name: countries countries_pk; Type: CONSTRAINT; Schema: public; Owner: -
--

ALTER TABLE ONLY public.countries
    ADD CONSTRAINT countries_pk PRIMARY KEY (id_country);


--
-- TOC entry 3215 (class 2606 OID 32781)
-- Name: countries countries_un; Type: CONSTRAINT; Schema: public; Owner: -
--

ALTER TABLE ONLY public.countries
    ADD CONSTRAINT countries_un UNIQUE (country);


--
-- TOC entry 3136 (class 2606 OID 24628)
-- Name: currencies currencies_pkey; Type: CONSTRAINT; Schema: public; Owner: -
--

ALTER TABLE ONLY public.currencies
    ADD CONSTRAINT currencies_pkey PRIMARY KEY (id_currency);


--
-- TOC entry 3115 (class 2606 OID 16512)
-- Name: django_admin_log django_admin_log_pkey; Type: CONSTRAINT; Schema: public; Owner: -
--

ALTER TABLE ONLY public.django_admin_log
    ADD CONSTRAINT django_admin_log_pkey PRIMARY KEY (id);


--
-- TOC entry 3077 (class 2606 OID 16403)
-- Name: django_content_type django_content_type_app_label_model_76bd3d3b_uniq; Type: CONSTRAINT; Schema: public; Owner: -
--

ALTER TABLE ONLY public.django_content_type
    ADD CONSTRAINT django_content_type_app_label_model_76bd3d3b_uniq UNIQUE (app_label, model);


--
-- TOC entry 3079 (class 2606 OID 16401)
-- Name: django_content_type django_content_type_pkey; Type: CONSTRAINT; Schema: public; Owner: -
--

ALTER TABLE ONLY public.django_content_type
    ADD CONSTRAINT django_content_type_pkey PRIMARY KEY (id);


--
-- TOC entry 3075 (class 2606 OID 16394)
-- Name: django_migrations django_migrations_pkey; Type: CONSTRAINT; Schema: public; Owner: -
--

ALTER TABLE ONLY public.django_migrations
    ADD CONSTRAINT django_migrations_pkey PRIMARY KEY (id);


--
-- TOC entry 3119 (class 2606 OID 16541)
-- Name: django_session django_session_pkey; Type: CONSTRAINT; Schema: public; Owner: -
--

ALTER TABLE ONLY public.django_session
    ADD CONSTRAINT django_session_pkey PRIMARY KEY (session_key);


--
-- TOC entry 3138 (class 2606 OID 24638)
-- Name: employee_absence_codes employee_absence_codes_pkey; Type: CONSTRAINT; Schema: public; Owner: -
--

ALTER TABLE ONLY public.employee_absence_codes
    ADD CONSTRAINT employee_absence_codes_pkey PRIMARY KEY (id_employee_absence_code);


--
-- TOC entry 3207 (class 2606 OID 24823)
-- Name: employee_absences employee_absences_pkey; Type: CONSTRAINT; Schema: public; Owner: -
--

ALTER TABLE ONLY public.employee_absences
    ADD CONSTRAINT employee_absences_pkey PRIMARY KEY (id_employee_absence);


--
-- TOC entry 3147 (class 2606 OID 24660)
-- Name: employee_types employee_types_pkey; Type: CONSTRAINT; Schema: public; Owner: -
--

ALTER TABLE ONLY public.employee_types
    ADD CONSTRAINT employee_types_pkey PRIMARY KEY (id_employee_type);


--
-- TOC entry 3141 (class 2606 OID 24650)
-- Name: employees employees_employee_internal_alias_key; Type: CONSTRAINT; Schema: public; Owner: -
--

ALTER TABLE ONLY public.employees
    ADD CONSTRAINT employees_employee_internal_alias_key UNIQUE (employee_internal_alias);


--
-- TOC entry 3145 (class 2606 OID 24648)
-- Name: employees employees_pkey; Type: CONSTRAINT; Schema: public; Owner: -
--

ALTER TABLE ONLY public.employees
    ADD CONSTRAINT employees_pkey PRIMARY KEY (id_employee);


--
-- TOC entry 3153 (class 2606 OID 24680)
-- Name: invoice_states invoice_states_pkey; Type: CONSTRAINT; Schema: public; Owner: -
--

ALTER TABLE ONLY public.invoice_states
    ADD CONSTRAINT invoice_states_pkey PRIMARY KEY (id_invoice_state);


--
-- TOC entry 3155 (class 2606 OID 24692)
-- Name: invoice_terms invoice_terms_due_days_key; Type: CONSTRAINT; Schema: public; Owner: -
--

ALTER TABLE ONLY public.invoice_terms
    ADD CONSTRAINT invoice_terms_due_days_key UNIQUE (due_days);


--
-- TOC entry 3157 (class 2606 OID 24690)
-- Name: invoice_terms invoice_terms_pkey; Type: CONSTRAINT; Schema: public; Owner: -
--

ALTER TABLE ONLY public.invoice_terms
    ADD CONSTRAINT invoice_terms_pkey PRIMARY KEY (id_invoice_term);


--
-- TOC entry 3203 (class 2606 OID 24796)
-- Name: invoice_texts invoice_texts_pkey; Type: CONSTRAINT; Schema: public; Owner: -
--

ALTER TABLE ONLY public.invoice_texts
    ADD CONSTRAINT invoice_texts_pkey PRIMARY KEY (id_invoice_text);


--
-- TOC entry 3151 (class 2606 OID 24670)
-- Name: invoices invoices_pkey; Type: CONSTRAINT; Schema: public; Owner: -
--

ALTER TABLE ONLY public.invoices
    ADD CONSTRAINT invoices_pkey PRIMARY KEY (id_invoice);


--
-- TOC entry 3160 (class 2606 OID 24702)
-- Name: projects projects_pkey; Type: CONSTRAINT; Schema: public; Owner: -
--

ALTER TABLE ONLY public.projects
    ADD CONSTRAINT projects_pkey PRIMARY KEY (id_project);


--
-- TOC entry 3200 (class 2606 OID 24786)
-- Name: sales sales_pkey; Type: CONSTRAINT; Schema: public; Owner: -
--

ALTER TABLE ONLY public.sales
    ADD CONSTRAINT sales_pkey PRIMARY KEY (id_sale);


--
-- TOC entry 3162 (class 2606 OID 24712)
-- Name: sales_state sales_state_pkey; Type: CONSTRAINT; Schema: public; Owner: -
--

ALTER TABLE ONLY public.sales_state
    ADD CONSTRAINT sales_state_pkey PRIMARY KEY (id_sales_state);


--
-- TOC entry 3165 (class 2606 OID 24714)
-- Name: sales_state sales_state_sales_state_key; Type: CONSTRAINT; Schema: public; Owner: -
--

ALTER TABLE ONLY public.sales_state
    ADD CONSTRAINT sales_state_sales_state_key UNIQUE (sales_state);


--
-- TOC entry 3167 (class 2606 OID 24724)
-- Name: sys_rec_states sys_rec_states_pkey; Type: CONSTRAINT; Schema: public; Owner: -
--

ALTER TABLE ONLY public.sys_rec_states
    ADD CONSTRAINT sys_rec_states_pkey PRIMARY KEY (id_sys_rec_status);


--
-- TOC entry 3169 (class 2606 OID 24734)
-- Name: task_states task_states_pkey; Type: CONSTRAINT; Schema: public; Owner: -
--

ALTER TABLE ONLY public.task_states
    ADD CONSTRAINT task_states_pkey PRIMARY KEY (id_task_state);


--
-- TOC entry 3180 (class 2606 OID 24766)
-- Name: task_templates task_templates_pkey; Type: CONSTRAINT; Schema: public; Owner: -
--

ALTER TABLE ONLY public.task_templates
    ADD CONSTRAINT task_templates_pkey PRIMARY KEY (id_task_template);


--
-- TOC entry 3192 (class 2606 OID 24776)
-- Name: tasks tasks_pkey; Type: CONSTRAINT; Schema: public; Owner: -
--

ALTER TABLE ONLY public.tasks
    ADD CONSTRAINT tasks_pkey PRIMARY KEY (id_task);


--
-- TOC entry 3171 (class 2606 OID 24744)
-- Name: units units_pkey; Type: CONSTRAINT; Schema: public; Owner: -
--

ALTER TABLE ONLY public.units
    ADD CONSTRAINT units_pkey PRIMARY KEY (id_unit);


--
-- TOC entry 3173 (class 2606 OID 24754)
-- Name: vat vat_pkey; Type: CONSTRAINT; Schema: public; Owner: -
--

ALTER TABLE ONLY public.vat
    ADD CONSTRAINT vat_pkey PRIMARY KEY (id_vat);


--
-- TOC entry 3175 (class 2606 OID 24756)
-- Name: vat vat_vat_key; Type: CONSTRAINT; Schema: public; Owner: -
--

ALTER TABLE ONLY public.vat
    ADD CONSTRAINT vat_vat_key UNIQUE (vat);


--
-- TOC entry 3208 (class 1259 OID 25004)
-- Name: asset_absences_fk_asset_9b20034e; Type: INDEX; Schema: public; Owner: -
--

CREATE INDEX asset_absences_fk_asset_9b20034e ON public.asset_absences USING btree (fk_asset);


--
-- TOC entry 3209 (class 1259 OID 25005)
-- Name: asset_absences_fk_asset_absence_code_83dd00a8; Type: INDEX; Schema: public; Owner: -
--

CREATE INDEX asset_absences_fk_asset_absence_code_83dd00a8 ON public.asset_absences USING btree (fk_asset_absence_code);


--
-- TOC entry 3123 (class 1259 OID 24992)
-- Name: assets_fk_asset_type_88e64c56; Type: INDEX; Schema: public; Owner: -
--

CREATE INDEX assets_fk_asset_type_88e64c56 ON public.assets USING btree (fk_asset_type);


--
-- TOC entry 3124 (class 1259 OID 24993)
-- Name: assets_fk_sys_rec_status_9f557fd4; Type: INDEX; Schema: public; Owner: -
--

CREATE INDEX assets_fk_sys_rec_status_9f557fd4 ON public.assets USING btree (fk_sys_rec_status);


--
-- TOC entry 3085 (class 1259 OID 16533)
-- Name: auth_group_name_a6ea08ec_like; Type: INDEX; Schema: public; Owner: -
--

CREATE INDEX auth_group_name_a6ea08ec_like ON public.auth_group USING btree (name varchar_pattern_ops);


--
-- TOC entry 3090 (class 1259 OID 16471)
-- Name: auth_group_permissions_group_id_b120cbf9; Type: INDEX; Schema: public; Owner: -
--

CREATE INDEX auth_group_permissions_group_id_b120cbf9 ON public.auth_group_permissions USING btree (group_id);


--
-- TOC entry 3093 (class 1259 OID 16472)
-- Name: auth_group_permissions_permission_id_84c5c92e; Type: INDEX; Schema: public; Owner: -
--

CREATE INDEX auth_group_permissions_permission_id_84c5c92e ON public.auth_group_permissions USING btree (permission_id);


--
-- TOC entry 3080 (class 1259 OID 16457)
-- Name: auth_permission_content_type_id_2f476e4b; Type: INDEX; Schema: public; Owner: -
--

CREATE INDEX auth_permission_content_type_id_2f476e4b ON public.auth_permission USING btree (content_type_id);


--
-- TOC entry 3101 (class 1259 OID 16487)
-- Name: auth_user_groups_group_id_97559544; Type: INDEX; Schema: public; Owner: -
--

CREATE INDEX auth_user_groups_group_id_97559544 ON public.auth_user_groups USING btree (group_id);


--
-- TOC entry 3104 (class 1259 OID 16486)
-- Name: auth_user_groups_user_id_6a12ed8b; Type: INDEX; Schema: public; Owner: -
--

CREATE INDEX auth_user_groups_user_id_6a12ed8b ON public.auth_user_groups USING btree (user_id);


--
-- TOC entry 3107 (class 1259 OID 16501)
-- Name: auth_user_user_permissions_permission_id_1fbb5f2c; Type: INDEX; Schema: public; Owner: -
--

CREATE INDEX auth_user_user_permissions_permission_id_1fbb5f2c ON public.auth_user_user_permissions USING btree (permission_id);


--
-- TOC entry 3110 (class 1259 OID 16500)
-- Name: auth_user_user_permissions_user_id_a95ead1b; Type: INDEX; Schema: public; Owner: -
--

CREATE INDEX auth_user_user_permissions_user_id_a95ead1b ON public.auth_user_user_permissions USING btree (user_id);


--
-- TOC entry 3098 (class 1259 OID 16527)
-- Name: auth_user_username_6821ab7c_like; Type: INDEX; Schema: public; Owner: -
--

CREATE INDEX auth_user_username_6821ab7c_like ON public.auth_user USING btree (username varchar_pattern_ops);


--
-- TOC entry 3129 (class 1259 OID 24846)
-- Name: companies_company_internal_alias_47763c3e_like; Type: INDEX; Schema: public; Owner: -
--

CREATE INDEX companies_company_internal_alias_47763c3e_like ON public.companies USING btree (company_internal_alias varchar_pattern_ops);


--
-- TOC entry 3132 (class 1259 OID 24991)
-- Name: companies_fk_sys_rec_status_d804c5ea; Type: INDEX; Schema: public; Owner: -
--

CREATE INDEX companies_fk_sys_rec_status_d804c5ea ON public.companies USING btree (fk_sys_rec_status);


--
-- TOC entry 3113 (class 1259 OID 16523)
-- Name: django_admin_log_content_type_id_c4bce8eb; Type: INDEX; Schema: public; Owner: -
--

CREATE INDEX django_admin_log_content_type_id_c4bce8eb ON public.django_admin_log USING btree (content_type_id);


--
-- TOC entry 3116 (class 1259 OID 16524)
-- Name: django_admin_log_user_id_c564eba6; Type: INDEX; Schema: public; Owner: -
--

CREATE INDEX django_admin_log_user_id_c564eba6 ON public.django_admin_log USING btree (user_id);


--
-- TOC entry 3117 (class 1259 OID 16543)
-- Name: django_session_expire_date_a5c62663; Type: INDEX; Schema: public; Owner: -
--

CREATE INDEX django_session_expire_date_a5c62663 ON public.django_session USING btree (expire_date);


--
-- TOC entry 3120 (class 1259 OID 16542)
-- Name: django_session_session_key_c0390e0f_like; Type: INDEX; Schema: public; Owner: -
--

CREATE INDEX django_session_session_key_c0390e0f_like ON public.django_session USING btree (session_key varchar_pattern_ops);


--
-- TOC entry 3204 (class 1259 OID 24990)
-- Name: employee_absences_fk_employee_absence_code_0f106f50; Type: INDEX; Schema: public; Owner: -
--

CREATE INDEX employee_absences_fk_employee_absence_code_0f106f50 ON public.employee_absences USING btree (fk_employee_absence_code);


--
-- TOC entry 3205 (class 1259 OID 24989)
-- Name: employee_absences_fk_employee_d330c4d2; Type: INDEX; Schema: public; Owner: -
--

CREATE INDEX employee_absences_fk_employee_d330c4d2 ON public.employee_absences USING btree (fk_employee);


--
-- TOC entry 3139 (class 1259 OID 24847)
-- Name: employees_employee_internal_alias_5fdb54d3_like; Type: INDEX; Schema: public; Owner: -
--

CREATE INDEX employees_employee_internal_alias_5fdb54d3_like ON public.employees USING btree (employee_internal_alias varchar_pattern_ops);


--
-- TOC entry 3142 (class 1259 OID 24977)
-- Name: employees_fk_employee_type_236e57e4; Type: INDEX; Schema: public; Owner: -
--

CREATE INDEX employees_fk_employee_type_236e57e4 ON public.employees USING btree (fk_employee_type);


--
-- TOC entry 3143 (class 1259 OID 24978)
-- Name: employees_fk_sys_rec_status_f319e4a4; Type: INDEX; Schema: public; Owner: -
--

CREATE INDEX employees_fk_sys_rec_status_f319e4a4 ON public.employees USING btree (fk_sys_rec_status);


--
-- TOC entry 3201 (class 1259 OID 24974)
-- Name: invoice_texts_fk_customer_765c2502; Type: INDEX; Schema: public; Owner: -
--

CREATE INDEX invoice_texts_fk_customer_765c2502 ON public.invoice_texts USING btree (fk_customer);


--
-- TOC entry 3148 (class 1259 OID 24975)
-- Name: invoices_fk_invoice_state_e9e847ba; Type: INDEX; Schema: public; Owner: -
--

CREATE INDEX invoices_fk_invoice_state_e9e847ba ON public.invoices USING btree (fk_invoice_state);


--
-- TOC entry 3149 (class 1259 OID 24976)
-- Name: invoices_fk_invoice_terms_3036695b; Type: INDEX; Schema: public; Owner: -
--

CREATE INDEX invoices_fk_invoice_terms_3036695b ON public.invoices USING btree (fk_invoice_terms);


--
-- TOC entry 3158 (class 1259 OID 24853)
-- Name: projects_fk_customer_32d0f6c7; Type: INDEX; Schema: public; Owner: -
--

CREATE INDEX projects_fk_customer_32d0f6c7 ON public.projects USING btree (fk_customer);


--
-- TOC entry 3193 (class 1259 OID 24963)
-- Name: sales_fk_currency_43dcbc47; Type: INDEX; Schema: public; Owner: -
--

CREATE INDEX sales_fk_currency_43dcbc47 ON public.sales USING btree (fk_currency);


--
-- TOC entry 3194 (class 1259 OID 24964)
-- Name: sales_fk_invoice_0a9cd917; Type: INDEX; Schema: public; Owner: -
--

CREATE INDEX sales_fk_invoice_0a9cd917 ON public.sales USING btree (fk_invoice);


--
-- TOC entry 3195 (class 1259 OID 24965)
-- Name: sales_fk_project_7d42e2cf; Type: INDEX; Schema: public; Owner: -
--

CREATE INDEX sales_fk_project_7d42e2cf ON public.sales USING btree (fk_project);


--
-- TOC entry 3196 (class 1259 OID 24966)
-- Name: sales_fk_sales_status_28a5058c; Type: INDEX; Schema: public; Owner: -
--

CREATE INDEX sales_fk_sales_status_28a5058c ON public.sales USING btree (fk_sales_status);


--
-- TOC entry 3197 (class 1259 OID 24967)
-- Name: sales_fk_unit_5b0e8c1b; Type: INDEX; Schema: public; Owner: -
--

CREATE INDEX sales_fk_unit_5b0e8c1b ON public.sales USING btree (fk_unit);


--
-- TOC entry 3198 (class 1259 OID 24968)
-- Name: sales_fk_vat_461b945f; Type: INDEX; Schema: public; Owner: -
--

CREATE INDEX sales_fk_vat_461b945f ON public.sales USING btree (fk_vat);


--
-- TOC entry 3163 (class 1259 OID 24854)
-- Name: sales_state_sales_state_a193d641_like; Type: INDEX; Schema: public; Owner: -
--

CREATE INDEX sales_state_sales_state_a193d641_like ON public.sales_state USING btree (sales_state varchar_pattern_ops);


--
-- TOC entry 3176 (class 1259 OID 24870)
-- Name: task_templates_fk_currency_315f0c49; Type: INDEX; Schema: public; Owner: -
--

CREATE INDEX task_templates_fk_currency_315f0c49 ON public.task_templates USING btree (fk_currency);


--
-- TOC entry 3177 (class 1259 OID 24871)
-- Name: task_templates_fk_unit_69400482; Type: INDEX; Schema: public; Owner: -
--

CREATE INDEX task_templates_fk_unit_69400482 ON public.task_templates USING btree (fk_unit);


--
-- TOC entry 3178 (class 1259 OID 24872)
-- Name: task_templates_fk_vat_12a8af6b; Type: INDEX; Schema: public; Owner: -
--

CREATE INDEX task_templates_fk_vat_12a8af6b ON public.task_templates USING btree (fk_vat);


--
-- TOC entry 3181 (class 1259 OID 24923)
-- Name: tasks_fk_asset_1_477b32a9; Type: INDEX; Schema: public; Owner: -
--

CREATE INDEX tasks_fk_asset_1_477b32a9 ON public.tasks USING btree (fk_asset_1);


--
-- TOC entry 3182 (class 1259 OID 24924)
-- Name: tasks_fk_asset_2_96e85ef9; Type: INDEX; Schema: public; Owner: -
--

CREATE INDEX tasks_fk_asset_2_96e85ef9 ON public.tasks USING btree (fk_asset_2);


--
-- TOC entry 3183 (class 1259 OID 24925)
-- Name: tasks_fk_currency_96170cc9; Type: INDEX; Schema: public; Owner: -
--

CREATE INDEX tasks_fk_currency_96170cc9 ON public.tasks USING btree (fk_currency);


--
-- TOC entry 3184 (class 1259 OID 24926)
-- Name: tasks_fk_employee_1_c9b198a4; Type: INDEX; Schema: public; Owner: -
--

CREATE INDEX tasks_fk_employee_1_c9b198a4 ON public.tasks USING btree (fk_employee_1);


--
-- TOC entry 3185 (class 1259 OID 24927)
-- Name: tasks_fk_employee_2_1169876b; Type: INDEX; Schema: public; Owner: -
--

CREATE INDEX tasks_fk_employee_2_1169876b ON public.tasks USING btree (fk_employee_2);


--
-- TOC entry 3186 (class 1259 OID 24928)
-- Name: tasks_fk_invoice_ea3beb60; Type: INDEX; Schema: public; Owner: -
--

CREATE INDEX tasks_fk_invoice_ea3beb60 ON public.tasks USING btree (fk_invoice);


--
-- TOC entry 3187 (class 1259 OID 24929)
-- Name: tasks_fk_project_fee5c3c8; Type: INDEX; Schema: public; Owner: -
--

CREATE INDEX tasks_fk_project_fee5c3c8 ON public.tasks USING btree (fk_project);


--
-- TOC entry 3188 (class 1259 OID 24930)
-- Name: tasks_fk_task_state_a8407fe2; Type: INDEX; Schema: public; Owner: -
--

CREATE INDEX tasks_fk_task_state_a8407fe2 ON public.tasks USING btree (fk_task_state);


--
-- TOC entry 3189 (class 1259 OID 24931)
-- Name: tasks_fk_unit_acfa1ab8; Type: INDEX; Schema: public; Owner: -
--

CREATE INDEX tasks_fk_unit_acfa1ab8 ON public.tasks USING btree (fk_unit);


--
-- TOC entry 3190 (class 1259 OID 24932)
-- Name: tasks_fk_vat_486022be; Type: INDEX; Schema: public; Owner: -
--

CREATE INDEX tasks_fk_vat_486022be ON public.tasks USING btree (fk_vat);


--
-- TOC entry 3258 (class 2606 OID 24994)
-- Name: asset_absences asset_absences_fk_asset_9b20034e_fk_assets_id_asset; Type: FK CONSTRAINT; Schema: public; Owner: -
--

ALTER TABLE ONLY public.asset_absences
    ADD CONSTRAINT asset_absences_fk_asset_9b20034e_fk_assets_id_asset FOREIGN KEY (fk_asset) REFERENCES public.assets(id_asset) DEFERRABLE INITIALLY DEFERRED;


--
-- TOC entry 3259 (class 2606 OID 24999)
-- Name: asset_absences asset_absences_fk_asset_absence_cod_83dd00a8_fk_asset_abs; Type: FK CONSTRAINT; Schema: public; Owner: -
--

ALTER TABLE ONLY public.asset_absences
    ADD CONSTRAINT asset_absences_fk_asset_absence_cod_83dd00a8_fk_asset_abs FOREIGN KEY (fk_asset_absence_code) REFERENCES public.asset_absence_codes(id_asset_absence_code) DEFERRABLE INITIALLY DEFERRED;


--
-- TOC entry 3225 (class 2606 OID 24829)
-- Name: assets assets_fk_asset_type_88e64c56_fk_asset_types_id_asset_type; Type: FK CONSTRAINT; Schema: public; Owner: -
--

ALTER TABLE ONLY public.assets
    ADD CONSTRAINT assets_fk_asset_type_88e64c56_fk_asset_types_id_asset_type FOREIGN KEY (fk_asset_type) REFERENCES public.asset_types(id_asset_type) DEFERRABLE INITIALLY DEFERRED;


--
-- TOC entry 3226 (class 2606 OID 24834)
-- Name: assets assets_fk_sys_rec_status_9f557fd4_fk_sys_rec_s; Type: FK CONSTRAINT; Schema: public; Owner: -
--

ALTER TABLE ONLY public.assets
    ADD CONSTRAINT assets_fk_sys_rec_status_9f557fd4_fk_sys_rec_s FOREIGN KEY (fk_sys_rec_status) REFERENCES public.sys_rec_states(id_sys_rec_status) DEFERRABLE INITIALLY DEFERRED;


--
-- TOC entry 3218 (class 2606 OID 16466)
-- Name: auth_group_permissions auth_group_permissio_permission_id_84c5c92e_fk_auth_perm; Type: FK CONSTRAINT; Schema: public; Owner: -
--

ALTER TABLE ONLY public.auth_group_permissions
    ADD CONSTRAINT auth_group_permissio_permission_id_84c5c92e_fk_auth_perm FOREIGN KEY (permission_id) REFERENCES public.auth_permission(id) DEFERRABLE INITIALLY DEFERRED;


--
-- TOC entry 3217 (class 2606 OID 16461)
-- Name: auth_group_permissions auth_group_permissions_group_id_b120cbf9_fk_auth_group_id; Type: FK CONSTRAINT; Schema: public; Owner: -
--

ALTER TABLE ONLY public.auth_group_permissions
    ADD CONSTRAINT auth_group_permissions_group_id_b120cbf9_fk_auth_group_id FOREIGN KEY (group_id) REFERENCES public.auth_group(id) DEFERRABLE INITIALLY DEFERRED;


--
-- TOC entry 3216 (class 2606 OID 16452)
-- Name: auth_permission auth_permission_content_type_id_2f476e4b_fk_django_co; Type: FK CONSTRAINT; Schema: public; Owner: -
--

ALTER TABLE ONLY public.auth_permission
    ADD CONSTRAINT auth_permission_content_type_id_2f476e4b_fk_django_co FOREIGN KEY (content_type_id) REFERENCES public.django_content_type(id) DEFERRABLE INITIALLY DEFERRED;


--
-- TOC entry 3220 (class 2606 OID 16481)
-- Name: auth_user_groups auth_user_groups_group_id_97559544_fk_auth_group_id; Type: FK CONSTRAINT; Schema: public; Owner: -
--

ALTER TABLE ONLY public.auth_user_groups
    ADD CONSTRAINT auth_user_groups_group_id_97559544_fk_auth_group_id FOREIGN KEY (group_id) REFERENCES public.auth_group(id) DEFERRABLE INITIALLY DEFERRED;


--
-- TOC entry 3219 (class 2606 OID 16476)
-- Name: auth_user_groups auth_user_groups_user_id_6a12ed8b_fk_auth_user_id; Type: FK CONSTRAINT; Schema: public; Owner: -
--

ALTER TABLE ONLY public.auth_user_groups
    ADD CONSTRAINT auth_user_groups_user_id_6a12ed8b_fk_auth_user_id FOREIGN KEY (user_id) REFERENCES public.auth_user(id) DEFERRABLE INITIALLY DEFERRED;


--
-- TOC entry 3222 (class 2606 OID 16495)
-- Name: auth_user_user_permissions auth_user_user_permi_permission_id_1fbb5f2c_fk_auth_perm; Type: FK CONSTRAINT; Schema: public; Owner: -
--

ALTER TABLE ONLY public.auth_user_user_permissions
    ADD CONSTRAINT auth_user_user_permi_permission_id_1fbb5f2c_fk_auth_perm FOREIGN KEY (permission_id) REFERENCES public.auth_permission(id) DEFERRABLE INITIALLY DEFERRED;


--
-- TOC entry 3221 (class 2606 OID 16490)
-- Name: auth_user_user_permissions auth_user_user_permissions_user_id_a95ead1b_fk_auth_user_id; Type: FK CONSTRAINT; Schema: public; Owner: -
--

ALTER TABLE ONLY public.auth_user_user_permissions
    ADD CONSTRAINT auth_user_user_permissions_user_id_a95ead1b_fk_auth_user_id FOREIGN KEY (user_id) REFERENCES public.auth_user(id) DEFERRABLE INITIALLY DEFERRED;


--
-- TOC entry 3228 (class 2606 OID 32792)
-- Name: companies companies_fk; Type: FK CONSTRAINT; Schema: public; Owner: -
--

ALTER TABLE ONLY public.companies
    ADD CONSTRAINT companies_fk FOREIGN KEY (fk_country) REFERENCES public.countries(id_country);


--
-- TOC entry 3227 (class 2606 OID 24824)
-- Name: companies companies_fk_sys_rec_status_d804c5ea_fk_sys_rec_s; Type: FK CONSTRAINT; Schema: public; Owner: -
--

ALTER TABLE ONLY public.companies
    ADD CONSTRAINT companies_fk_sys_rec_status_d804c5ea_fk_sys_rec_s FOREIGN KEY (fk_sys_rec_status) REFERENCES public.sys_rec_states(id_sys_rec_status) DEFERRABLE INITIALLY DEFERRED;


--
-- TOC entry 3223 (class 2606 OID 16513)
-- Name: django_admin_log django_admin_log_content_type_id_c4bce8eb_fk_django_co; Type: FK CONSTRAINT; Schema: public; Owner: -
--

ALTER TABLE ONLY public.django_admin_log
    ADD CONSTRAINT django_admin_log_content_type_id_c4bce8eb_fk_django_co FOREIGN KEY (content_type_id) REFERENCES public.django_content_type(id) DEFERRABLE INITIALLY DEFERRED;


--
-- TOC entry 3224 (class 2606 OID 16518)
-- Name: django_admin_log django_admin_log_user_id_c564eba6_fk_auth_user_id; Type: FK CONSTRAINT; Schema: public; Owner: -
--

ALTER TABLE ONLY public.django_admin_log
    ADD CONSTRAINT django_admin_log_user_id_c564eba6_fk_auth_user_id FOREIGN KEY (user_id) REFERENCES public.auth_user(id) DEFERRABLE INITIALLY DEFERRED;


--
-- TOC entry 3257 (class 2606 OID 24984)
-- Name: employee_absences employee_absences_fk_employee_absence__0f106f50_fk_employee_; Type: FK CONSTRAINT; Schema: public; Owner: -
--

ALTER TABLE ONLY public.employee_absences
    ADD CONSTRAINT employee_absences_fk_employee_absence__0f106f50_fk_employee_ FOREIGN KEY (fk_employee_absence_code) REFERENCES public.employee_absence_codes(id_employee_absence_code) DEFERRABLE INITIALLY DEFERRED;


--
-- TOC entry 3256 (class 2606 OID 24979)
-- Name: employee_absences employee_absences_fk_employee_d330c4d2_fk_employees_id_employee; Type: FK CONSTRAINT; Schema: public; Owner: -
--

ALTER TABLE ONLY public.employee_absences
    ADD CONSTRAINT employee_absences_fk_employee_d330c4d2_fk_employees_id_employee FOREIGN KEY (fk_employee) REFERENCES public.employees(id_employee) DEFERRABLE INITIALLY DEFERRED;


--
-- TOC entry 3231 (class 2606 OID 32797)
-- Name: employees employees_fk; Type: FK CONSTRAINT; Schema: public; Owner: -
--

ALTER TABLE ONLY public.employees
    ADD CONSTRAINT employees_fk FOREIGN KEY (fk_country) REFERENCES public.countries(id_country);


--
-- TOC entry 3229 (class 2606 OID 24807)
-- Name: employees employees_fk_employee_type_236e57e4_fk_employee_; Type: FK CONSTRAINT; Schema: public; Owner: -
--

ALTER TABLE ONLY public.employees
    ADD CONSTRAINT employees_fk_employee_type_236e57e4_fk_employee_ FOREIGN KEY (fk_employee_type) REFERENCES public.employee_types(id_employee_type) DEFERRABLE INITIALLY DEFERRED;


--
-- TOC entry 3230 (class 2606 OID 24812)
-- Name: employees employees_fk_sys_rec_status_f319e4a4_fk_sys_rec_s; Type: FK CONSTRAINT; Schema: public; Owner: -
--

ALTER TABLE ONLY public.employees
    ADD CONSTRAINT employees_fk_sys_rec_status_f319e4a4_fk_sys_rec_s FOREIGN KEY (fk_sys_rec_status) REFERENCES public.sys_rec_states(id_sys_rec_status) DEFERRABLE INITIALLY DEFERRED;


--
-- TOC entry 3255 (class 2606 OID 24969)
-- Name: invoice_texts invoice_texts_fk_customer_765c2502_fk_companies_id_company; Type: FK CONSTRAINT; Schema: public; Owner: -
--

ALTER TABLE ONLY public.invoice_texts
    ADD CONSTRAINT invoice_texts_fk_customer_765c2502_fk_companies_id_company FOREIGN KEY (fk_customer) REFERENCES public.companies(id_company) DEFERRABLE INITIALLY DEFERRED;


--
-- TOC entry 3232 (class 2606 OID 24797)
-- Name: invoices invoices_fk_invoice_state_e9e847ba_fk_invoice_s; Type: FK CONSTRAINT; Schema: public; Owner: -
--

ALTER TABLE ONLY public.invoices
    ADD CONSTRAINT invoices_fk_invoice_state_e9e847ba_fk_invoice_s FOREIGN KEY (fk_invoice_state) REFERENCES public.invoice_states(id_invoice_state) DEFERRABLE INITIALLY DEFERRED;


--
-- TOC entry 3233 (class 2606 OID 24802)
-- Name: invoices invoices_fk_invoice_terms_3036695b_fk_invoice_t; Type: FK CONSTRAINT; Schema: public; Owner: -
--

ALTER TABLE ONLY public.invoices
    ADD CONSTRAINT invoices_fk_invoice_terms_3036695b_fk_invoice_t FOREIGN KEY (fk_invoice_terms) REFERENCES public.invoice_terms(id_invoice_term) DEFERRABLE INITIALLY DEFERRED;


--
-- TOC entry 3235 (class 2606 OID 32802)
-- Name: projects projects_fk; Type: FK CONSTRAINT; Schema: public; Owner: -
--

ALTER TABLE ONLY public.projects
    ADD CONSTRAINT projects_fk FOREIGN KEY (fk_sys_rec_status) REFERENCES public.sys_rec_states(id_sys_rec_status);


--
-- TOC entry 3234 (class 2606 OID 24848)
-- Name: projects projects_fk_customer_32d0f6c7_fk_companies_id_company; Type: FK CONSTRAINT; Schema: public; Owner: -
--

ALTER TABLE ONLY public.projects
    ADD CONSTRAINT projects_fk_customer_32d0f6c7_fk_companies_id_company FOREIGN KEY (fk_customer) REFERENCES public.companies(id_company) DEFERRABLE INITIALLY DEFERRED;


--
-- TOC entry 3249 (class 2606 OID 24933)
-- Name: sales sales_fk_currency_43dcbc47_fk_currencies_id_currency; Type: FK CONSTRAINT; Schema: public; Owner: -
--

ALTER TABLE ONLY public.sales
    ADD CONSTRAINT sales_fk_currency_43dcbc47_fk_currencies_id_currency FOREIGN KEY (fk_currency) REFERENCES public.currencies(id_currency) DEFERRABLE INITIALLY DEFERRED;


--
-- TOC entry 3250 (class 2606 OID 24938)
-- Name: sales sales_fk_invoice_0a9cd917_fk_invoices_id_invoice; Type: FK CONSTRAINT; Schema: public; Owner: -
--

ALTER TABLE ONLY public.sales
    ADD CONSTRAINT sales_fk_invoice_0a9cd917_fk_invoices_id_invoice FOREIGN KEY (fk_invoice) REFERENCES public.invoices(id_invoice) DEFERRABLE INITIALLY DEFERRED;


--
-- TOC entry 3251 (class 2606 OID 24943)
-- Name: sales sales_fk_project_7d42e2cf_fk_projects_id_project; Type: FK CONSTRAINT; Schema: public; Owner: -
--

ALTER TABLE ONLY public.sales
    ADD CONSTRAINT sales_fk_project_7d42e2cf_fk_projects_id_project FOREIGN KEY (fk_project) REFERENCES public.projects(id_project) DEFERRABLE INITIALLY DEFERRED;


--
-- TOC entry 3252 (class 2606 OID 24948)
-- Name: sales sales_fk_sales_status_28a5058c_fk_sales_state_id_sales_state; Type: FK CONSTRAINT; Schema: public; Owner: -
--

ALTER TABLE ONLY public.sales
    ADD CONSTRAINT sales_fk_sales_status_28a5058c_fk_sales_state_id_sales_state FOREIGN KEY (fk_sales_status) REFERENCES public.sales_state(id_sales_state) DEFERRABLE INITIALLY DEFERRED;


--
-- TOC entry 3253 (class 2606 OID 24953)
-- Name: sales sales_fk_unit_5b0e8c1b_fk_units_id_unit; Type: FK CONSTRAINT; Schema: public; Owner: -
--

ALTER TABLE ONLY public.sales
    ADD CONSTRAINT sales_fk_unit_5b0e8c1b_fk_units_id_unit FOREIGN KEY (fk_unit) REFERENCES public.units(id_unit) DEFERRABLE INITIALLY DEFERRED;


--
-- TOC entry 3254 (class 2606 OID 24958)
-- Name: sales sales_fk_vat_461b945f_fk_vat_id_vat; Type: FK CONSTRAINT; Schema: public; Owner: -
--

ALTER TABLE ONLY public.sales
    ADD CONSTRAINT sales_fk_vat_461b945f_fk_vat_id_vat FOREIGN KEY (fk_vat) REFERENCES public.vat(id_vat) DEFERRABLE INITIALLY DEFERRED;


--
-- TOC entry 3236 (class 2606 OID 24855)
-- Name: task_templates task_templates_fk_currency_315f0c49_fk_currencies_id_currency; Type: FK CONSTRAINT; Schema: public; Owner: -
--

ALTER TABLE ONLY public.task_templates
    ADD CONSTRAINT task_templates_fk_currency_315f0c49_fk_currencies_id_currency FOREIGN KEY (fk_currency) REFERENCES public.currencies(id_currency) DEFERRABLE INITIALLY DEFERRED;


--
-- TOC entry 3237 (class 2606 OID 24860)
-- Name: task_templates task_templates_fk_unit_69400482_fk_units_id_unit; Type: FK CONSTRAINT; Schema: public; Owner: -
--

ALTER TABLE ONLY public.task_templates
    ADD CONSTRAINT task_templates_fk_unit_69400482_fk_units_id_unit FOREIGN KEY (fk_unit) REFERENCES public.units(id_unit) DEFERRABLE INITIALLY DEFERRED;


--
-- TOC entry 3238 (class 2606 OID 24865)
-- Name: task_templates task_templates_fk_vat_12a8af6b_fk_vat_id_vat; Type: FK CONSTRAINT; Schema: public; Owner: -
--

ALTER TABLE ONLY public.task_templates
    ADD CONSTRAINT task_templates_fk_vat_12a8af6b_fk_vat_id_vat FOREIGN KEY (fk_vat) REFERENCES public.vat(id_vat) DEFERRABLE INITIALLY DEFERRED;


--
-- TOC entry 3239 (class 2606 OID 24873)
-- Name: tasks tasks_fk_asset_1_477b32a9_fk_assets_id_asset; Type: FK CONSTRAINT; Schema: public; Owner: -
--

ALTER TABLE ONLY public.tasks
    ADD CONSTRAINT tasks_fk_asset_1_477b32a9_fk_assets_id_asset FOREIGN KEY (fk_asset_1) REFERENCES public.assets(id_asset) DEFERRABLE INITIALLY DEFERRED;


--
-- TOC entry 3240 (class 2606 OID 24878)
-- Name: tasks tasks_fk_asset_2_96e85ef9_fk_assets_id_asset; Type: FK CONSTRAINT; Schema: public; Owner: -
--

ALTER TABLE ONLY public.tasks
    ADD CONSTRAINT tasks_fk_asset_2_96e85ef9_fk_assets_id_asset FOREIGN KEY (fk_asset_2) REFERENCES public.assets(id_asset) DEFERRABLE INITIALLY DEFERRED;


--
-- TOC entry 3241 (class 2606 OID 24883)
-- Name: tasks tasks_fk_currency_96170cc9_fk_currencies_id_currency; Type: FK CONSTRAINT; Schema: public; Owner: -
--

ALTER TABLE ONLY public.tasks
    ADD CONSTRAINT tasks_fk_currency_96170cc9_fk_currencies_id_currency FOREIGN KEY (fk_currency) REFERENCES public.currencies(id_currency) DEFERRABLE INITIALLY DEFERRED;


--
-- TOC entry 3242 (class 2606 OID 24888)
-- Name: tasks tasks_fk_employee_1_c9b198a4_fk_employees_id_employee; Type: FK CONSTRAINT; Schema: public; Owner: -
--

ALTER TABLE ONLY public.tasks
    ADD CONSTRAINT tasks_fk_employee_1_c9b198a4_fk_employees_id_employee FOREIGN KEY (fk_employee_1) REFERENCES public.employees(id_employee) DEFERRABLE INITIALLY DEFERRED;


--
-- TOC entry 3243 (class 2606 OID 24893)
-- Name: tasks tasks_fk_employee_2_1169876b_fk_employees_id_employee; Type: FK CONSTRAINT; Schema: public; Owner: -
--

ALTER TABLE ONLY public.tasks
    ADD CONSTRAINT tasks_fk_employee_2_1169876b_fk_employees_id_employee FOREIGN KEY (fk_employee_2) REFERENCES public.employees(id_employee) DEFERRABLE INITIALLY DEFERRED;


--
-- TOC entry 3244 (class 2606 OID 24898)
-- Name: tasks tasks_fk_invoice_ea3beb60_fk_invoices_id_invoice; Type: FK CONSTRAINT; Schema: public; Owner: -
--

ALTER TABLE ONLY public.tasks
    ADD CONSTRAINT tasks_fk_invoice_ea3beb60_fk_invoices_id_invoice FOREIGN KEY (fk_invoice) REFERENCES public.invoices(id_invoice) DEFERRABLE INITIALLY DEFERRED;


--
-- TOC entry 3245 (class 2606 OID 24903)
-- Name: tasks tasks_fk_project_fee5c3c8_fk_projects_id_project; Type: FK CONSTRAINT; Schema: public; Owner: -
--

ALTER TABLE ONLY public.tasks
    ADD CONSTRAINT tasks_fk_project_fee5c3c8_fk_projects_id_project FOREIGN KEY (fk_project) REFERENCES public.projects(id_project) DEFERRABLE INITIALLY DEFERRED;


--
-- TOC entry 3246 (class 2606 OID 24908)
-- Name: tasks tasks_fk_task_state_a8407fe2_fk_task_states_id_task_state; Type: FK CONSTRAINT; Schema: public; Owner: -
--

ALTER TABLE ONLY public.tasks
    ADD CONSTRAINT tasks_fk_task_state_a8407fe2_fk_task_states_id_task_state FOREIGN KEY (fk_task_state) REFERENCES public.task_states(id_task_state) DEFERRABLE INITIALLY DEFERRED;


--
-- TOC entry 3247 (class 2606 OID 24913)
-- Name: tasks tasks_fk_unit_acfa1ab8_fk_units_id_unit; Type: FK CONSTRAINT; Schema: public; Owner: -
--

ALTER TABLE ONLY public.tasks
    ADD CONSTRAINT tasks_fk_unit_acfa1ab8_fk_units_id_unit FOREIGN KEY (fk_unit) REFERENCES public.units(id_unit) DEFERRABLE INITIALLY DEFERRED;


--
-- TOC entry 3248 (class 2606 OID 24918)
-- Name: tasks tasks_fk_vat_486022be_fk_vat_id_vat; Type: FK CONSTRAINT; Schema: public; Owner: -
--

ALTER TABLE ONLY public.tasks
    ADD CONSTRAINT tasks_fk_vat_486022be_fk_vat_id_vat FOREIGN KEY (fk_vat) REFERENCES public.vat(id_vat) DEFERRABLE INITIALLY DEFERRED;


-- Completed on 2023-09-19 19:53:04 CEST

--
-- PostgreSQL database dump complete
--

